mtllib model_2.mtl
o model_2
v 0.305486798286438 0.588736891746521 1.284266471862793 
v -0.18854838609695435 0.6532032489776611 1.3755899667739868 
v 0.15887263417243958 0.021537654101848602 1.075157642364502 
v -0.4178677201271057 0.022509736940264702 1.1674007177352905 
v -0.877219557762146 0.022668104618787766 0.8943396806716919 
v -0.7160599231719971 -0.00008163683378370479 1.2985464334487915 
v -0.6236252188682556 0.789520800113678 1.0143845081329346 
v -0.5059698224067688 0.7938963770866394 1.4361878633499146 
v -0.052946507930755615 0.8721201419830322 1.3848841190338135 
v -0.2703196406364441 0.8763643503189087 1.0977842807769775 
v -0.2294759899377823 0.32764551043510437 1.2501338720321655 
v -0.45632222294807434 0.14777670800685883 0.9250659346580505 
v -0.3349872827529907 0.022284453734755516 1.0769463777542114 
v 0.21013282239437103 0.6821668744087219 1.3640124797821045 
v -0.0621616467833519 0.02175435982644558 1.1150556802749634 
v -0.13191354274749756 0.6127710342407227 1.374887466430664 
v -0.3660876750946045 0.021975703537464142 1.1632517576217651 
v -0.41790133714675903 0.021856527775526047 1.1945536136627197 
v -0.6631463170051575 0.02141455188393593 1.1952155828475952 
v -0.4025627076625824 0.45422226190567017 1.339178442955017 
v -0.6162143349647522 0.5307965874671936 1.3601003885269165 
v 0.07827036827802658 0.9386863112449646 1.3841313123703003 
v -0.2175678163766861 0.022072408348321915 1.0788061618804932 
v -0.11160493642091751 0.671842634677887 1.1317137479782104 
v -0.3418562710285187 0.02303585596382618 0.9225591421127319 
v -0.16285517811775208 0.8840539455413818 1.3627443313598633 
v -0.5083505511283875 0.009232167154550552 1.0602796077728271 
v -0.5139113664627075 0.9080555438995361 1.4370675086975098 
v -0.8041925430297852 0.032317403703927994 1.133607268333435 
v -0.16540035605430603 0.9017135500907898 1.2878601551055908 
v -0.41203221678733826 0.0016721949214115739 1.2542011737823486 
v -0.5200443267822266 0.9231104850769043 0.9943220615386963 
v -0.6833909749984741 0.09783701598644257 0.9746162295341492 
v 0.03419174998998642 0.4847608208656311 1.256299614906311 
v -0.041439518332481384 0.021736515685915947 1.0590567588806152 
v -0.3605005145072937 0.46619802713394165 1.453136920928955 
v -0.43630534410476685 -0.00019927005632780492 1.2564247846603394 
v 3.54935359954834 0.4684033691883087 1.0206767320632935 
v 3.44004487991333 0.022110074758529663 0.9698567986488342 
v 3.1003358364105225 0.4680277407169342 0.8103864789009094 
v 3.0981037616729736 0.021884668618440628 0.8096577525138855 
v 3.347479820251465 0.4382501244544983 0.8838101029396057 
v 3.350257158279419 0.02234218455851078 0.8831522464752197 
v 3.1713016033172607 0.43761393427848816 0.9869438409805298 
v 3.1706342697143555 0.021883269771933556 0.986285924911499 
v 3.4067306518554688 0.1801556944847107 0.9907587766647339 
v 3.405510425567627 0.02218593657016754 0.9902379512786865 
v 3.32381010055542 0.1796007603406906 1.0133634805679321 
v 3.322589874267578 0.02163100056350231 1.0128426551818848 
v 3.3951070308685303 0.021373333409428596 1.0622365474700928 
v 3.108476161956787 0.02209525555372238 0.8951999545097351 
v 3.3587307929992676 0.3884134590625763 1.040314793586731 
v 3.1065855026245117 0.388107568025589 0.8960497379302979 
v 3.2957684993743896 0.44011935591697693 1.0670433044433594 
v 3.2466259002685547 0.022025736048817635 1.0439120531082153 
v 3.112725019454956 0.44031044840812683 0.9804044365882874 
v 3.1119349002838135 0.022194398567080498 0.9822026491165161 
v 3.098217487335205 0.22547399997711182 1.0468283891677856 
v 3.222574234008789 0.22583933174610138 1.0457671880722046 
v 3.0980944633483887 0.02170838974416256 1.0462013483047485 
v 3.2224273681640625 0.02160779759287834 1.046600580215454 
v 3.3392722606658936 0.48011115193367004 0.9726776480674744 
v 3.3398756980895996 0.02195759303867817 0.9713829755783081 
v 3.228750705718994 0.48013362288475037 1.0481277704238892 
v 3.22587513923645 0.021486280485987663 1.0514470338821411 
v 3.3672780990600586 0.4874010682106018 0.8273868560791016 
v 3.3709659576416016 0.02206350676715374 0.8254604339599609 
v 3.118610143661499 0.48755979537963867 0.969822347164154 
v 3.039381265640259 0.021740861237049103 1.0178860425949097 
v 2.305478572845459 0.6601691246032715 0.9777414798736572 
v 2.3071906566619873 0.022177228704094887 0.9786446690559387 
v 2.0291762351989746 0.6602542996406555 1.1374046802520752 
v 2.030850887298584 0.021535687148571014 1.138075351715088 
v 2.3417046070098877 0.021702174097299576 1.1754215955734253 
v 1.8961535692214966 0.02157961018383503 0.9185926914215088 
v 2.2849371433258057 0.5965720415115356 1.142210602760315 
v 1.8946579694747925 0.5966499447822571 0.9185433983802795 
v 2.1571249961853027 0.6633070111274719 1.2805073261260986 
v 2.0826966762542725 0.022283440455794334 1.2453935146331787 
v 1.8773795366287231 0.6635986566543579 1.1488560438156128 
v 1.8789180517196655 0.02223379909992218 1.1502898931503296 
v 2.274671792984009 0.7326933145523071 1.1275250911712646 
v 2.2726080417633057 0.021316688507795334 1.127488136291504 
v 2.10542893409729 0.7325966954231262 1.2454304695129395 
v 2.0964784622192383 0.02163022570312023 1.2502399682998657 
v 2.281766891479492 0.736333966255188 0.929222047328949 
v 2.286442995071411 0.021695774048566818 0.9282552599906921 
v 1.8673230409622192 0.7366513013839722 1.0802537202835083 
v 1.7303858995437622 0.021898629143834114 1.1300400495529175 
v -0.6607858538627625 0.13441410660743713 0.008065869100391865 
v -0.9132012128829956 0.19599288702011108 0.1925675868988037 
v -0.3607475459575653 0.7298987507820129 0.038793131709098816 
v -0.6062121391296387 0.7923157811164856 0.22206678986549377 
v -0.5229189991950989 0.7329854965209961 0.23347775638103485 
v -0.8393763303756714 0.15402351319789886 0.1562473177909851 
v -0.7089060544967651 0.810217559337616 0.05709230527281761 
v -1.016068696975708 0.21052169799804688 0.02812362276017666 
v -0.28049585223197937 0.8128360509872437 0.11807409673929214 
v -0.6043480634689331 0.02302585355937481 0.08612342178821564 
v -0.6818711161613464 0.9328926801681519 0.0081484979018569 
v -1.1507447957992554 0.2781039774417877 -0.06358389556407928 
v -0.8334386348724365 0.13517214357852936 0.4577498435974121 
v -1.072729229927063 0.18332840502262115 0.2502896785736084 
v -0.5879021286964417 0.7454195618629456 0.476196825504303 
v -0.8237720131874084 0.7929326295852661 0.27019718289375305 
v -0.8003419637680054 0.7784184813499451 0.41724666953086853 
v -1.018553614616394 0.16222770512104034 0.3200949728488922 
v -0.6937651634216309 0.768853485584259 0.12623043358325958 
v -0.9394991993904114 0.154767245054245 0.10977444797754288 
v -0.6363730430603027 0.8773932456970215 0.5609610676765442 
v -0.9009035229682922 0.16649867594242096 0.5438934564590454 
v -0.6322572231292725 0.8902578353881836 0.12090416997671127 
v -0.8931595087051392 0.18275080621242523 -0.04792794957756996 
v 0.8016349673271179 0.9009672403335571 0.7530385851860046 
v 1.3094972372055054 0.7696021199226379 0.8611044883728027 
v 0.541454017162323 0.14035433530807495 0.725009560585022 
v 1.1535762548446655 0.021524466574192047 0.8323478102684021 
v 1.2412821054458618 0.7192205786705017 1.0145213603973389 
v 1.094896912574768 0.02222115732729435 0.9877306818962097 
v 0.764359176158905 0.8477644920349121 0.7998347282409668 
v 0.5142855048179626 0.1493363082408905 0.7741052508354187 
v 1.2759780883789062 0.7222837805747986 0.7633728981018066 
v 1.1259372234344482 0.021361855790019035 0.736880362033844 
v 0.9554862380027771 0.8033023476600647 0.9658351540565491 
v 0.7011774182319641 0.0225631445646286 0.9395293593406677 
v 1.0914446115493774 0.022251298651099205 0.932959794998169 
v 0.7909785509109497 0.022589949890971184 0.5659929513931274 
v 1.2508103847503662 0.770151674747467 0.9617164731025696 
v 0.9749858379364014 0.8466506600379944 0.5936986207962036 
v 0.8660286068916321 0.8770764470100403 0.9203023910522461 
v 1.0909188985824585 0.8175509572029114 0.6861086487770081 
v 0.604485809803009 0.0228688083589077 0.8913635611534119 
v 0.9325520992279053 0.021935265511274338 0.658241331577301 
v 2.219059705734253 0.7930066585540771 1.1989679336547852 
v 2.8545644283294678 0.7929874062538147 1.19973623752594 
v 2.2208306789398193 0.02190418541431427 1.1992542743682861 
v 2.8562979698181152 0.021158181130886078 1.199790120124817 
v 2.8050434589385986 0.7702975273132324 1.067751407623291 
v 2.8045361042022705 0.022051231935620308 1.0672444105148315 
v 2.4147841930389404 0.7707675099372864 1.3399429321289062 
v 2.414252996444702 0.02205526828765869 1.340896487236023 
v 2.6606597900390625 0.8505923748016357 1.15376877784729 
v 2.6595118045806885 0.02276488207280636 1.1536153554916382 
v 2.308396100997925 0.8511239290237427 0.9501846432685852 
v 2.3071868419647217 0.022103678435087204 0.9512592554092407 
v 1.054876685142517 0.7883206605911255 0.00502040097489953 
v 0.932575523853302 0.022388257086277008 -0.016004223376512527 
v 0.6563385725021362 0.8963891267776489 -0.2084735482931137 
v 0.3473096787929535 0.19329625368118286 -0.23022085428237915 
v 1.0895726680755615 0.7913838028907776 -0.24612806737422943 
v 0.9636397957801819 0.021994885057210922 -0.26831504702568054 
v 0.7683732509613037 0.858649730682373 -0.04323628544807434 
v 0.5354351997375488 0.023373430594801903 -0.06566602736711502 
v -2.733940362930298 0.5205815434455872 0.5527273416519165 
v -2.3194689750671387 0.5207990407943726 0.5531620979309082 
v -2.7319772243499756 0.021719394251704216 0.5529536604881287 
v -2.320950746536255 0.02211419865489006 0.5533884167671204 
v -2.3555328845977783 0.49114906787872314 0.6541681885719299 
v -2.35548734664917 0.022149868309497833 0.6542328596115112 
v -2.75962495803833 0.4912782311439514 0.5831953883171082 
v -2.7595794200897217 0.02227901667356491 0.5832600593566895 
v -2.358222723007202 0.5059975981712341 0.502737283706665 
v -2.358959436416626 0.021792178973555565 0.5027665495872498 
v -2.610339403152466 0.5062577724456787 0.6805580258369446 
v -2.6111135482788086 0.021325580775737762 0.6803548336029053 
v -2.3451271057128906 0.022122006863355637 0.6350797414779663 
v -2.58345365524292 0.021891936659812927 0.4331229329109192 
v -2.3462703227996826 0.5369170308113098 0.6351213455200195 
v -2.584559440612793 0.5374137759208679 0.4333969056606293 
v -2.669832706451416 0.558254599571228 0.6430554389953613 
v -2.4833319187164307 0.5581384301185608 0.4577654004096985 
v -2.6697816848754883 0.022234175354242325 0.6442721486091614 
v -2.4832942485809326 0.021857155486941338 0.4572892189025879 
v -0.5631157755851746 0.7572612166404724 -0.5690280795097351 
v -0.07266215234994888 0.6231864094734192 -0.4798170030117035 
v -0.8905271887779236 0.16678349673748016 -0.39258816838264465 
v -0.39024949073791504 0.02226322703063488 -0.3049388527870178 
v -0.10526078194379807 0.5937584042549133 -0.5959689021110535 
v -0.4144475758075714 0.021849820390343666 -0.4277917444705963 
v -0.4773663878440857 0.7456696033477783 -0.4361184537410736 
v -0.7412751913070679 0.18110986053943634 -0.26807263493537903 
v -0.23409666121006012 0.640594482421875 -0.5509514212608337 
v -0.5526025891304016 0.021818866953253746 -0.37534552812576294 
v -0.5438089966773987 0.662609875202179 -0.7582499384880066 
v -0.8150582313537598 0.022512907162308693 -0.5838417410850525 
v -0.3356471657752991 0.6807256937026978 1.4060986042022705 
v -0.6320450305938721 0.021741120144724846 1.1314493417739868 
v -0.8832557201385498 0.9122509956359863 1.202181339263916 
v -1.1928369998931885 0.26554784178733826 0.9264051914215088 
v -0.27878713607788086 0.7117958068847656 1.1642488241195679 
v -0.5836717486381531 0.022120164707303047 0.8764500617980957 
v -0.7121514081954956 0.7471469640731812 1.3518987894058228 
v -1.0257385969161987 0.022586949169635773 1.0640949010849 
v -1.4190186262130737 0.7698642611503601 1.196247935295105 
v -0.7558293342590332 0.7037689685821533 1.2987147569656372 
v -1.498888611793518 0.023077432066202164 0.905189573764801 
v -0.9221458435058594 0.022154273465275764 1.0061049461364746 
v -0.6848794221878052 0.6059237122535706 1.4827309846878052 
v -0.790949821472168 0.02118854410946369 1.2139694690704346 
v -1.256335973739624 0.7095851898193359 1.2907450199127197 
v -1.3365577459335327 0.023091493174433708 1.0221349000930786 
v -0.7821250557899475 0.7297139167785645 1.206769585609436 
v -0.9462807178497314 0.022969193756580353 0.9271021485328674 
v -1.330837368965149 0.6712822914123535 1.3722645044326782 
v -1.3538639545440674 0.02237253077328205 1.0924404859542847 
v -0.9843071699142456 0.022303709760308266 1.0984846353530884 
v -1.262458086013794 0.18783950805664062 0.7813668251037598 
v -0.8216837644577026 0.69926917552948 1.3911601305007935 
v -1.1835145950317383 0.8494918942451477 1.0726120471954346 
v -1.3695967197418213 0.7234997749328613 1.3834582567214966 
v -1.024857521057129 0.8452312350273132 1.1382380723953247 
v -1.3849488496780396 0.022364791482686996 1.099975347518921 
v -1.124687910079956 0.18039321899414062 0.8552908301353455 
v 0.6877962350845337 0.836519718170166 1.141038179397583 
v 1.2541576623916626 0.7680816054344177 1.2588728666305542 
v 0.559571385383606 0.02258470468223095 0.8342023491859436 
v 1.2261098623275757 0.021581070497632027 0.9510517120361328 
v 1.154776930809021 0.716127336025238 1.409666895866394 
v 1.1938835382461548 -0.0006085357163101435 1.128538966178894 
v 0.5427409410476685 0.769505500793457 1.1880971193313599 
v 0.5560948848724365 0.02214437536895275 0.9064333438873291 
v 1.2238075733184814 0.8494853377342224 1.1523635387420654 
v 1.198559045791626 0.023132802918553352 0.8577421307563782 
v 0.8579682111740112 0.7875477075576782 1.347103476524353 
v 0.7287905216217041 0.022221922874450684 1.0541499853134155 
v 1.1535614728927612 0.021236734464764595 1.0591986179351807 
v 0.8320423364639282 0.14941367506980896 0.6876029372215271 
v 1.1781271696090698 0.7671877145767212 1.366787314414978 
v 0.9582805037498474 0.9247368574142456 0.9949643015861511 
v 0.7523776888847351 0.8162805438041687 1.3320033550262451 
v 1.0119824409484863 0.8944290280342102 1.1036721467971802 
v 0.621738851070404 0.022555461153388023 1.0251373052597046 
v 0.9844046831130981 0.02281230129301548 0.7977913022041321 
v 0.07828322798013687 0.7375558614730835 1.1718900203704834 
v 0.5600423216819763 0.6358786821365356 1.261636734008789 
v -0.17260034382343292 0.023386549204587936 0.9946588277816772 
v 0.3384858965873718 0.02180701121687889 1.0604870319366455 
v 0.5442396402359009 0.5972536206245422 1.1363883018493652 
v 0.3246631324291229 0.02166219800710678 0.9652521014213562 
v 0.18199291825294495 0.6051427721977234 1.2955209016799927 
v -0.037968091666698456 0.02207866497337818 1.125213384628296 
v 0.38683539628982544 0.6258650422096252 1.2153608798980713 
v 0.16233180463314056 0.021641334518790245 1.0366188287734985 
v 0.16735045611858368 0.7233193516731262 1.0062483549118042 
v -0.08282551169395447 0.022902701050043106 0.8285875916481018 
v 2.892160654067993 0.8524112701416016 -0.8247842192649841 
v 3.5780060291290283 0.8238866329193115 -0.8258453011512756 
v 2.859788417816162 0.02186722680926323 -0.633173942565918 
v 3.512538433074951 0.02138979732990265 -0.6161734461784363 
v 3.50673508644104 0.7812399864196777 -0.9597252607345581 
v 3.411288261413574 0.00022155373881105334 -0.7420837879180908 
v 3.089754819869995 0.8665100932121277 -0.6721857190132141 
v 3.056682586669922 0.022362688556313515 -0.48814576864242554 
v 3.3770439624786377 0.8785846829414368 -0.861589252948761 
v 3.3122763633728027 0.022558441385626793 -0.6528878808021545 
v 2.9987735748291016 0.8435529470443726 -1.0753363370895386 
v 2.9634294509887695 0.022373199462890625 -0.8823968768119812 
v -0.18279783427715302 0.6978362798690796 0.025047315284609795 
v -0.4558177590370178 0.023325370624661446 0.061295200139284134 
v -0.6676342487335205 0.8068313002586365 -0.15737728774547577 
v -0.9501978754997253 0.21534034609794617 -0.120553158223629 
v -0.15603646636009216 0.6809403300285339 -0.1875322461128235 
v -0.43514999747276306 0.02225096896290779 -0.1495560109615326 
v -0.5585858821868896 0.7781774401664734 -0.015042744576931 
v -0.7906696796417236 0.1608831137418747 0.024035220965743065 
v -0.9077242612838745 0.8394511342048645 0.005211985670030117 
v -0.4903307855129242 0.7622087597846985 -0.1719215363264084 
v -1.1535149812698364 0.022885587066411972 -0.025945231318473816 
v -0.7011024951934814 0.0221099816262722 -0.19420446455478668 
v -0.8794783353805542 0.7171550989151001 -0.21199682354927063 
v -0.5962541103363037 0.6502200365066528 0.03204118832945824 
v -1.1293487548828125 0.022677235305309296 -0.230024516582489 
v -0.7874336242675781 0.022396506741642952 0.012098332867026329 
v -0.6458550691604614 0.02184002846479416 -0.03404095023870468 
v -1.0360910892486572 0.02275843732059002 -0.31055352091789246 
v -0.38137513399124146 0.7988796830177307 -0.010358018800616264 
v -0.7608470916748047 0.8747478127479553 -0.2869260311126709 
v -0.38383254408836365 0.7511186599731445 -0.02885422855615616 
v -0.6389262676239014 0.02225019782781601 -0.05150109902024269 
v -0.8287270069122314 0.6295022964477539 0.03127303719520569 
v -1.004995346069336 0.022977715358138084 0.015150670893490314 
v -0.9048637747764587 0.022401200607419014 0.07616271078586578 
v -1.1984245777130127 0.02269512042403221 -0.09595269709825516 
v -0.7187445759773254 0.6190019249916077 0.09410938620567322 
v -1.0162895917892456 0.676114559173584 -0.07925913482904434 
v -0.5431442856788635 0.7426566481590271 -0.23535937070846558 
v -0.752946674823761 0.021397903561592102 -0.2564446032047272 
v -1.080830693244934 0.7642643451690674 -0.13106340169906616 
v -1.333099126815796 0.023180322721600533 -0.1511228233575821 
v 0.7312411069869995 0.6068616509437561 1.0411230325698853 
v 0.5146808624267578 0.022766539826989174 0.775580644607544 
v 0.3438872694969177 0.7980482578277588 0.6563578844070435 
v 0.10324451327323914 0.21578681468963623 0.48435741662979126 
v 0.5888474583625793 0.6587027907371521 0.8090671300888062 
v 0.4318104386329651 0.023185914382338524 0.6520302891731262 
v 0.3649340867996216 0.6700894832611084 0.902376651763916 
v 0.1579352766275406 0.13757185637950897 0.7451884746551514 
v 0.5358105897903442 0.299177885055542 0.8319187164306641 
v 0.531941831111908 0.0226071048527956 0.775813102722168 
v 0.4180506765842438 0.2927732467651367 0.8633520007133484 
v 0.414529025554657 0.022948427125811577 0.8061851859092712 
v 0.45246192812919617 0.02179684117436409 0.8965737819671631 
v 0.11360778659582138 0.14869524538516998 0.6095904111862183 
v 0.4786432981491089 0.5306417346000671 1.0062227249145508 
v 0.3153669834136963 0.6465056538581848 0.7556202411651611 
v 0.5303266644477844 0.5953565239906311 1.0566880702972412 
v 0.26254433393478394 0.022638855502009392 0.856705904006958 
v 0.30978119373321533 0.6721985340118408 0.902144193649292 
v 0.10260891169309616 0.136307954788208 0.7454866170883179 
v 0.10661613196134567 0.3484434187412262 0.9226762056350708 
v 0.27917495369911194 0.3458614945411682 0.9230754971504211 
v 0.10020746290683746 0.022508801892399788 0.8556092381477356 
v 0.27634716033935547 0.02239583246409893 0.8552454113960266 
v 0.6838545799255371 0.6927854418754578 0.9357759952545166 
v 0.4076080620288849 0.022689878940582275 0.7528747916221619 
v 0.4836582541465759 0.6952359080314636 1.0105286836624146 
v 0.23145277798175812 0.022501839324831963 0.832008957862854 
v 0.5719397068023682 0.7328545451164246 0.7632362246513367 
v 0.4594613015651703 0.023578254505991936 0.5785712599754333 
v 0.32754114270210266 0.748862624168396 0.8930933475494385 
v -0.04479252174496651 0.023695185780525208 0.7522075772285461 
v 0.9165666699409485 0.7852737903594971 -0.5406313538551331 
v 1.1548974514007568 0.7184625864028931 -0.29729074239730835 
v 0.7048684358596802 0.16142083704471588 -0.5596444606781006 
v 1.046570062637329 0.022737104445695877 -0.316612184047699 
v 1.2379330396652222 0.8555033206939697 -0.3825799226760864 
v 1.2365367412567139 0.022849343717098236 -0.3826677203178406 
v 0.8830311298370361 0.6705104112625122 -0.2542797327041626 
v 0.8808017373085022 0.02304285392165184 -0.2532452344894409 
v 0.8773684501647949 0.023443026468157768 -0.23385968804359436 
v 0.5837115049362183 0.15612076222896576 -0.40559065341949463 
v 1.0082066059112549 0.6867886185646057 -0.21484141051769257 
v 0.7900636792182922 0.7431977987289429 -0.3887406885623932 
v 1.1561744213104248 0.8104077577590942 -0.5447751879692078 
v 1.0292855501174927 0.022439731284976006 -0.5664669871330261 
v 0.666850209236145 0.832180380821228 -0.4412422478199005 
v 0.44669774174690247 0.17826944589614868 -0.4603261947631836 
v 2.6082091331481934 0.9052122831344604 -0.8286956548690796 
v 2.6085219383239746 0.17289888858795166 -0.8289347290992737 
v 2.2394771575927734 0.7199296951293945 -0.9131720066070557 
v 2.238980770111084 0.17326875030994415 -0.9137493371963501 
v 2.404754400253296 0.17306990921497345 -0.841882050037384 
v 2.1940653324127197 0.17297135293483734 -1.1189910173416138 
v 2.404326915740967 0.76889967918396 -0.8417291045188904 
v 2.1936380863189697 0.7688010931015015 -1.1188379526138306 
v -2.594900369644165 0.47068387269973755 -0.1320803016424179 
v -2.8263027667999268 0.4707745313644409 0.06051217019557953 
v -2.59726881980896 0.021894559264183044 -0.13204586505889893 
v -2.825226306915283 0.021808002144098282 0.060546550899744034 
v -2.8296024799346924 0.5408955812454224 0.14559966325759888 
v -2.8286702632904053 0.022000806406140327 0.14585629105567932 
v -2.808683156967163 0.4104580581188202 -0.11778382211923599 
v -2.8079593181610107 0.021766843274235725 -0.11784029006958008 
v -2.8286421298980713 0.022549349814653397 -0.07930155098438263 
v -2.6559619903564453 0.02232169732451439 -0.2519778311252594 
v -2.8276140689849854 0.4452868103981018 -0.07801203429698944 
v -2.65490984916687 0.44552505016326904 -0.25214865803718567 
v -2.6427505016326904 0.5475943088531494 0.11217529326677322 
v -2.642179012298584 0.021692747250199318 0.1118001714348793 
v -2.6075782775878906 0.49279218912124634 -0.3071114718914032 
v -2.607607364654541 0.02233949303627014 -0.3075117766857147 
v 0.5439484715461731 0.7258439660072327 -0.11665016412734985 
v 0.6710080504417419 0.7116125822067261 0.28649526834487915 
v 0.20634222030639648 0.13860449194908142 -0.06166849285364151 
v 0.33854490518569946 0.022951137274503708 0.34139591455459595 
v 0.8400170207023621 0.7742895483970642 0.3269697427749634 
v 0.47324052453041077 0.022876109927892685 0.3902592062950134 
v 0.5086157321929932 0.7104057669639587 0.1707780361175537 
v 0.1544104665517807 0.20331715047359467 0.21886684000492096 
v 0.15872912108898163 0.15299907326698303 0.3026755154132843 
v 0.021782053634524345 0.17644312977790833 -0.017217028886079788 
v 0.5325770974159241 0.7062179446220398 0.2503115236759186 
v 0.3956061005592346 0.7291960716247559 -0.0681205540895462 
v 0.8306044340133667 0.7256057858467102 0.07146485149860382 
v 0.45939794182777405 0.02234574779868126 0.13555799424648285 
v 0.35217350721359253 0.8248385787010193 -0.19444502890110016 
v -0.04536537826061249 0.1468123346567154 -0.13721977174282074 
v -0.5623530149459839 0.6378358602523804 0.26363739371299744 
v -0.4001011550426483 0.636313796043396 0.6038150787353516 
v -0.8081217408180237 0.023076316341757774 0.31456607580184937 
v -0.6941198706626892 0.023569626733660698 0.6562042832374573 
v -0.2622844874858856 0.6968963742256165 0.6382808089256287 
v -0.5801835656166077 0.02278795652091503 0.6980631947517395 
v -0.632270872592926 0.6214882731437683 0.5067505836486816 
v -0.8551365733146667 0.18335112929344177 0.5516305565834045 
v -0.8502790331840515 0.14350640773773193 0.6226940751075745 
v -0.9637786149978638 0.15277524292469025 0.3533880114555359 
v -0.611599862575531 0.6204782724380493 0.5743676424026489 
v -0.7285441756248474 0.6299243569374084 0.30506160855293274 
v -0.26786884665489197 0.6554880142211914 0.42217886447906494 
v -0.587137758731842 0.02188301272690296 0.48359373211860657 
v -0.7141261696815491 0.7087633013725281 0.19685927033424377 
v -1.02467679977417 0.17747411131858826 0.2508202791213989 
v 0.32132887840270996 0.9637536406517029 -0.6463674902915955 
v 0.7893332839012146 0.7961277365684509 -0.8177047371864319 
v 0.06089029461145401 0.1981334239244461 -0.3122457265853882 
v 0.5526529550552368 0.0223715640604496 -0.4745219647884369 
v 0.3167882561683655 0.6741235852241516 -0.8096599578857422 
v 0.6887530088424683 0.7208569645881653 -0.5536547303199768 
v 0.07602530717849731 0.022401658818125725 -0.5209646821022034 
v 0.47668275237083435 0.02264806628227234 -0.2648333013057709 
v 0.6320776343345642 0.022109340876340866 -0.3107399642467499 
v 0.1761350780725479 0.021401632577180862 -0.6017261147499084 
v 0.8715424537658691 0.8499822616577148 -0.670412540435791 
v 0.4716019332408905 0.7965431809425354 -0.9612067341804504 
v 0.8583753108978271 0.8625802397727966 -0.6650001406669617 
v 0.6286827921867371 0.02325635962188244 -0.33135363459587097 
v 0.4738548994064331 0.7732052206993103 -0.5195580124855042 
v 0.22099915146827698 0.222087100148201 -0.2697853147983551 
v 0.33850955963134766 0.022262616083025932 -0.20123372972011566 
v -0.0034325532615184784 0.02201939933001995 -0.38397184014320374 
v 0.5269160866737366 0.6633184552192688 -0.4732672870159149 
v 0.23209449648857117 0.6391076445579529 -0.656440019607544 
v 0.7078593969345093 0.7565630674362183 -0.8767309188842773 
v 0.5422441363334656 0.0214520413428545 -0.5377576351165771 
v 0.09752804785966873 0.7759471535682678 -0.7437558174133301 
v -0.11737746745347977 0.02263389155268669 -0.44037002325057983 
v 3.5834944248199463 0.527796745300293 -0.41321489214897156 
v 3.8654744625091553 0.503810703754425 -0.290695458650589 
v 3.478079080581665 0.022925646975636482 -0.2589348256587982 
v 3.761301279067993 0.02307203970849514 -0.13674381375312805 
v 3.9433305263519287 0.5401842594146729 -0.3566801846027374 
v 3.823429822921753 0.022287240251898766 -0.17943160235881805 
v 3.6688804626464844 0.5091403126716614 -0.2230127602815628 
v 3.5811257362365723 0.14612875878810883 -0.09078623354434967 
v 3.657689332962036 0.02313246577978134 -0.0901397168636322 
v 3.4193623065948486 0.15714536607265472 -0.17201267182826996 
v 3.7525651454925537 0.5245469808578491 -0.2344287484884262 
v 3.515725612640381 0.5532155632972717 -0.31608477234840393 
v 3.8523097038269043 0.5164533853530884 -0.4912877380847931 
v 3.7301340103149414 0.02146827057003975 -0.3099862039089203 
v 3.453073740005493 0.6109607219696045 -0.33088159561157227 
v 3.3440513610839844 0.1702316850423813 -0.17068366706371307 
v -0.49614235758781433 0.5821300745010376 -0.7251995801925659 
v -0.7736382484436035 0.022006738930940628 -0.568837583065033 
v -0.768129289150238 0.5989608764648438 -0.6261138319969177 
v -1.0625460147857666 0.17986120283603668 -0.5087350010871887 
v -0.9324682950973511 0.022907696664333344 -0.4858526289463043 
v -1.1872870922088623 0.17202769219875336 -0.632386326789856 
v -0.705453634262085 0.5416816473007202 -0.6127774715423584 
v -0.8771345615386963 0.6284529566764832 -0.7585229873657227 
v -1.9903130531311035 0.4067937135696411 1.1804898977279663 
v -1.7911710739135742 0.5852294564247131 0.9847697019577026 
v -1.745322823524475 -0.000475987239042297 1.0159541368484497 
v -1.5669978857040405 0.17613397538661957 0.8418430685997009 
v -1.9954602718353271 0.3738812506198883 1.0105626583099365 
v -1.751632809638977 0.48102521896362305 1.0857656002044678 
v -1.7936558723449707 -0.00007675088272662833 0.8768690824508667 
v -1.5621461868286133 0.1361755132675171 0.965984582901001 
v -1.4863284826278687 0.20006215572357178 0.947372317314148 
v -1.7521870136260986 0.00036904492299072444 0.8487206101417542 
v -1.719887614250183 0.628119170665741 1.0978035926818848 
v -1.9955564737319946 0.5062651038169861 1.0109471082687378 
v -1.7263219356536865 0.5701935887336731 1.0615135431289673 
v -1.508514642715454 0.1716272085905075 0.9218415021896362 
v -1.8454817533493042 0.33519986271858215 1.1374938488006592 
v -1.6693252325057983 -0.00021978678705636412 1.0205024480819702 
v -1.6451307535171509 0.00012460449943318963 0.9904284477233887 
v -1.862744927406311 -0.0003174038720317185 0.9464772939682007 
v -1.7453910112380981 0.40095797181129456 1.1166579723358154 
v -1.9615848064422607 0.36100009083747864 1.0729998350143433 
v -1.643615961074829 0.5665775537490845 0.9490508437156677 
v -1.547245979309082 0.023008497431874275 0.8303357362747192 
v -1.990101933479309 0.41089797019958496 1.0546503067016602 
v -1.890383243560791 -0.0004644733271561563 0.9363195896148682 
v -0.6598216891288757 0.9586742520332336 0.7474591135978699 
v -0.2837650179862976 0.8164279460906982 1.0237187147140503 
v -0.9376751780509949 0.2573458254337311 0.5771008133888245 
v -0.556016206741333 0.02260388620197773 0.8529154658317566 
v -0.09135597199201584 0.9311351180076599 1.0006998777389526 
v -0.3832884728908539 0.02330353856086731 0.8028596639633179 
v -0.6062837839126587 0.7909263372421265 1.0247746706008911 
v -0.8101258277893066 0.18550768494606018 0.8765715956687927 
v -0.7493864297866821 0.0234692320227623 0.9465888738632202 
v -1.0843863487243652 0.22527725994586945 0.7511667013168335 
v -0.5381231307983398 0.7731227874755859 1.1071281433105469 
v -0.812082052230835 0.8858792781829834 0.9116602540016174 
v -0.27174025774002075 0.9830064177513123 0.7696394920349121 
v -0.562698245048523 0.16124117374420166 0.5686914920806885 
v -0.9581131935119629 1.001278281211853 0.8656020164489746 
v -1.2411929368972778 0.26550352573394775 0.6857782602310181 
v -2.3786606788635254 0.44441133737564087 0.7161352634429932 
v -2.152435064315796 0.47796544432640076 0.815858006477356 
v -2.2759997844696045 0.023107241839170456 0.5882430672645569 
v -2.0486741065979004 0.1451687514781952 0.6872483491897583 
v -2.1068289279937744 0.5588206052780151 0.811820387840271 
v -1.9884886741638184 0.17374296486377716 0.6635521650314331 
v -2.268336534500122 0.3734282851219177 0.8449866771697998 
v -2.179312229156494 0.022723488509655 0.7345649003982544 
v -2.141308307647705 0.022954130545258522 0.7352622747421265 
v -2.3313148021698 0.022063974291086197 0.6706975102424622 
v -2.2422549724578857 0.4104450047016144 0.8556144833564758 
v -2.4305553436279297 0.37559226155281067 0.7915094494819641 
v -2.2093846797943115 0.5794042348861694 0.6911607384681702 
v -2.0878376960754395 0.1895279884338379 0.5398047566413879 
v -2.5018532276153564 0.39955204725265503 0.7883257269859314 
v -2.3900465965270996 0.021741988137364388 0.6535354852676392 
v 2.402202844619751 0.39199236035346985 1.3009840250015259 
v 2.6344072818756104 0.4074889123439789 1.3934345245361328 
v 2.431506633758545 0.021748721599578857 1.286358118057251 
v 2.6663730144500732 0.021861828863620758 1.3787732124328613 
v 2.6964774131774902 0.4726998209953308 1.3653620481491089 
v 2.72853422164917 0.021710118278861046 1.3491642475128174 
v 2.4998650550842285 0.3434273898601532 1.4496556520462036 
v 2.5247764587402344 0.0220638494938612 1.4360657930374146 
v 2.5627429485321045 0.021567748859524727 1.4365307092666626 
v 2.3693318367004395 0.0216373261064291 1.3770447969436646 
v 2.536050796508789 0.3754403591156006 1.4491958618164062 
v 2.338487386703491 0.36193448305130005 1.3901394605636597 
v 2.596407651901245 0.4744713008403778 1.2403512001037598 
v 2.6318581104278564 0.02231680043041706 1.2222280502319336 
v 2.27468204498291 0.3972615897655487 1.3778289556503296 
v 2.30716872215271 0.021753396838903427 1.361575722694397 
v 3.1576147079467773 0.9099940061569214 -0.7537708878517151 
v 3.0014808177948 0.023524334654211998 -0.5707669854164124 
v 3.53045654296875 0.638138473033905 -0.6718172430992126 
v 3.381349563598633 0.022493533790111542 -0.5181841850280762 
v 3.198319911956787 0.02294544316828251 -0.6031302213668823 
v 3.4780707359313965 0.022760704159736633 -0.33624467253685 
v 3.327378034591675 0.7188248038291931 -0.7508097887039185 
v 3.607476234436035 0.7253859639167786 -0.4849855303764343 
v 0.10312357544898987 0.8847017288208008 0.2760598659515381 
v 0.5445798635482788 0.7381162643432617 0.11099908500909805 
v -0.32657790184020996 0.25284719467163086 0.038458552211523056 
v 0.0933372750878334 0.023234007880091667 -0.11964356899261475 
v 0.11735513061285019 0.8256638050079346 0.04661136120557785 
v 0.36896461248397827 0.6141695976257324 0.2681555151939392 
v -0.28623682260513306 0.29849815368652344 -0.14589646458625793 
v -0.010287433862686157 0.023046817630529404 0.07334813475608826 
v 0.12436433136463165 0.022118065506219864 0.026976386085152626 
v -0.1897318959236145 0.29456326365470886 -0.22443440556526184 
v 0.5430454611778259 0.7082945108413696 0.26724109053611755 
v 0.27561044692993164 0.9478459358215332 0.015759464353322983 
v 0.5551943778991699 0.6759068965911865 0.24101285636425018 
v 0.13821224868297577 0.02275114506483078 0.017748545855283737 
v 0.1465366780757904 0.6544260382652283 0.2483757734298706 
v -0.19782114028930664 0.13734681904315948 0.08259135484695435 
v -0.12080417573451996 0.023162955418229103 0.13595205545425415 
v -0.36291539669036865 0.2850063741207123 -0.021087894216179848 
v 0.24435071647167206 0.6088082790374756 0.31751391291618347 
v 0.0010406500659883022 0.7802248597145081 0.1621869057416916 
v 0.49348074197769165 0.7518835663795471 0.0485619455575943 
v 0.04724506661295891 0.1343134343624115 -0.17831552028656006 
v -0.09305227547883987 0.8981640338897705 0.1274486929178238 
v -0.4841262102127075 0.3457847237586975 -0.0761163979768753 
v -0.3463900089263916 0.9418168067932129 0.28529274463653564 
v 0.06961996108293533 0.83768630027771 0.5614917278289795 
v -0.6210963129997253 0.2345304936170578 0.22092348337173462 
v -0.2347988486289978 0.022811852395534515 0.49933069944381714 
v 0.2584126889705658 0.9492356181144714 0.5213109850883484 
v -0.06897395849227905 0.023605158552527428 0.4475819766521454 
v -0.23174917697906494 0.8204754590988159 0.5784161686897278 
v -0.4874130189418793 0.14765332639217377 0.5237448215484619 
v -0.4257390797138214 0.13803139328956604 0.5941160917282104 
v -0.7631823420524597 0.22522439062595367 0.39588895440101624 
v -0.16002395749092102 0.8048243522644043 0.6534671187400818 
v -0.542384684085846 0.8916752338409424 0.45600301027297974 
v 0.07590272277593613 0.9597931504249573 0.28669270873069763 
v -0.25205540657043457 0.023056209087371826 0.21263018250465393 
v -0.6232202649116516 0.9987687468528748 0.40031763911247253 
v -0.9169901013374329 0.2566080391407013 0.3325573801994324 
v -0.39803797006607056 0.7435387372970581 0.3837514817714691 
v -0.8537076115608215 0.143996000289917 0.23007020354270935 
v -0.7881307601928711 0.7472413778305054 0.41232943534851074 
v -1.1738123893737793 0.29966241121292114 0.2970103919506073 
v -1.0410778522491455 0.19434671103954315 0.318705290555954 
v -1.2776106595993042 0.36322852969169617 0.16268087923526764 
v -0.6913569569587708 0.6814059019088745 0.44441965222358704 
v -0.8725634217262268 0.8515515923500061 0.2880971431732178 
v 3.752704620361328 0.3258838951587677 0.3765857517719269 
v 3.7509102821350098 0.022504381835460663 0.3763425350189209 
v 3.531686544418335 0.3264126181602478 0.5485645532608032 
v 3.5332753658294678 0.02166319265961647 0.5495493412017822 
v 3.2673614025115967 0.02226680889725685 0.527672290802002 
v 3.2674198150634766 0.4261642396450043 0.5277641415596008 
v 3.4366486072540283 0.02323054149746895 0.6530823111534119 
v 3.4357593059539795 0.4758308529853821 0.6542102694511414 
v 3.5586907863616943 0.44849249720573425 0.46884945034980774 
v 3.5899930000305176 0.18421633541584015 0.4816243648529053 
v 3.4105496406555176 0.38862890005111694 0.40869131684303284 
v 3.457307815551758 0.02198890969157219 0.4276920258998871 
v 3.5505731105804443 0.022214941680431366 0.46470460295677185 
v 3.67950177192688 0.3799450695514679 0.47793567180633545 
v 3.6783459186553955 0.021843476220965385 0.4779500663280487 
v 3.566281318664551 0.327509343624115 0.5671870708465576 
v 3.5643880367279053 0.022210389375686646 0.5679394006729126 
v 3.6092875003814697 0.022198021411895752 0.5783295631408691 
v 3.4987428188323975 0.02177468314766884 0.615008533000946 
v 3.6074929237365723 0.25582650303840637 0.5787950158119202 
v 3.509031295776367 0.2888619303703308 0.6118607521057129 
v 3.5948994159698486 0.4809536337852478 0.44439011812210083 
v 3.605816125869751 0.02185813896358013 0.4494023323059082 
v 3.5136375427246094 0.3112589716911316 0.4130624830722809 
v 3.5091302394866943 0.02227526158094406 0.41092929244041443 
v 3.4691452980041504 0.5876849293708801 0.42969954013824463 
v 3.4460346698760986 0.13852337002754211 0.45180803537368774 
v 3.362058639526367 0.5873429179191589 0.530842125415802 
v 3.342417001724243 0.13847002387046814 0.5514901876449585 
v 3.563163995742798 0.4683077931404114 0.5492824912071228 
v 3.5194907188415527 0.022260678932070732 0.5398565530776978 
v 3.3663063049316406 0.46851667761802673 0.5074892044067383 
v 3.3502819538116455 0.02282174490392208 0.5050675272941589 
v 3.653669595718384 0.28064221143722534 0.4184698462486267 
v 3.6472764015197754 0.0221367496997118 0.4067145884037018 
v 3.5428102016448975 0.27410152554512024 0.5948301553726196 
v 3.536740303039551 0.02187603898346424 0.5834741592407227 
v -1.2173476219177246 0.5275660157203674 0.47523096203804016 
v -1.2544782161712646 0.1415511667728424 0.4754069447517395 
v -1.560962200164795 0.5619450807571411 0.6012725830078125 
v -1.598092794418335 0.1759302169084549 0.601448655128479 
v -1.4366390705108643 0.15889671444892883 0.6211981177330017 
v -1.5912907123565674 0.1738792210817337 0.6218298077583313 
v -1.414536952972412 0.45420604944229126 0.6208096146583557 
v -1.5463227033615112 0.510836660861969 0.620617687702179 
v -1.19280207157135 0.7361101508140564 0.4745643138885498 
v -1.2996143102645874 0.136959969997406 0.4844680428504944 
v -1.3592702150344849 0.521436870098114 0.40173646807670593 
v -1.402684211730957 0.14755401015281677 0.39763209223747253 
v -1.2581394910812378 0.7416601777076721 0.4124910235404968 
v -1.4126511812210083 0.15522174537181854 0.4304956793785095 
v -1.4920830726623535 0.7594863176345825 0.49481406807899475 
v -1.584453821182251 0.1725037842988968 0.5120555758476257 
v -1.341347336769104 0.6683946847915649 0.5921612977981567 
v -1.4436376094818115 0.15712891519069672 0.562576413154602 
v -1.5715638399124146 0.6915301084518433 0.4589535593986511 
v -1.6394942998886108 0.1767953783273697 0.4497498571872711 
v -1.1929491758346558 0.4647458791732788 0.46685704588890076 
v -1.2263767719268799 0.15070025622844696 0.449815571308136 
v -1.4064422845840454 0.4772750437259674 0.642787754535675 
v -1.4398086071014404 0.16442209482192993 0.6245182752609253 
v -0.7010876536369324 0.6265400052070618 0.574832558631897 
v -0.8841313719749451 0.022585827857255936 0.6044856905937195 
v -1.2209930419921875 0.7252220511436462 0.6637709140777588 
v -1.3759369850158691 0.1975117325782776 0.6940659880638123 
v -0.8565232157707214 0.8276673555374146 0.8698264360427856 
v -1.1269288063049316 0.13684114813804626 0.9089599251747131 
v -1.2287929058074951 0.7750084400177002 0.6022687554359436 
v -1.401363492012024 0.17322447896003723 0.636005163192749 
v -1.0017123222351074 0.6237995028495789 0.8426427245140076 
v -0.7939764261245728 0.5665023326873779 0.5992210507392883 
v -1.168868899345398 0.19436337053775787 0.8413176536560059 
v -0.881656289100647 0.1378161460161209 0.5978304147720337 
v 1.2013589143753052 0.748817503452301 0.4438796043395996 
v 0.9962660074234009 0.2533400058746338 0.4643203020095825 
v 1.0009138584136963 0.8135567307472229 -0.020004961639642715 
v 0.7957834005355835 0.31735238432884216 0.00020330306142568588 
v 0.9670119285583496 0.8930530548095703 0.32187601923942566 
v 0.6373994946479797 0.25979703664779663 0.2834419012069702 
v 1.0802838802337646 0.7451051473617554 -0.019615912809967995 
v 0.8135818243026733 0.1933831423521042 -0.05192989856004715 
v 0.9802136421203613 0.6797481775283813 0.24599581956863403 
v 1.1597269773483276 0.5438236594200134 0.4663221836090088 
v 0.7108144164085388 0.27698612213134766 0.21287356317043304 
v 0.990496814250946 0.141214057803154 0.4316737651824951 
v -1.3412907123565674 0.7366199493408203 0.27592769265174866 
v -1.4516085386276245 0.2035893350839615 0.23282946646213531 
v -0.9059708118438721 0.6721524000167847 0.5731447339057922 
v -1.0439451932907104 0.13862022757530212 0.5310420393943787 
v -0.8636757135391235 0.8900341987609863 0.24418652057647705 
v -1.075701117515564 0.19269496202468872 0.1888480931520462 
v -0.8836262822151184 0.7707942128181458 0.6226853728294373 
v -1.0841878652572632 0.16200809180736542 0.5748618245124817 
v -0.9271307587623596 0.596532940864563 0.30080634355545044 
v -1.3872449398040771 0.6490010619163513 0.2584875524044037 
v -1.0668745040893555 0.16286544501781464 0.28570520877838135 
v -1.444067120552063 0.2159063220024109 0.24332071840763092 
v 1.2183282375335693 0.4744804799556732 0.42262864112854004 
v 1.174356460571289 0.022634848952293396 0.4966527223587036 
v 0.8787252306938171 0.5196996927261353 0.43630871176719666 
v 0.832868218421936 0.16546492278575897 0.5092515349388123 
v 0.5529828667640686 0.16303907334804535 0.28820720314979553 
v 0.6870009303092957 0.5525537729263306 0.22635716199874878 
v 0.5991951823234558 0.18854780495166779 0.5449703335762024 
v 0.7499797940254211 0.6354206800460815 0.47433218359947205 
v 0.9734406471252441 0.6152393221855164 0.35084766149520874 
v 0.9572574496269226 0.3007132112979889 0.4530407190322876 
v 0.8547095060348511 0.5228309631347656 0.20192304253578186 
v 0.839368999004364 0.023303363472223282 0.34007203578948975 
v 0.9049909710884094 0.023286432027816772 0.44254380464553833 
v 1.0814995765686035 0.5673554539680481 0.4580595791339874 
v 1.0321611166000366 0.14545628428459167 0.544768214225769 
v 0.8963830471038818 0.5272536873817444 0.47763708233833313 
v 0.8503525257110596 0.16964595019817352 0.5511104464530945 
v 0.893065869808197 0.1942775994539261 0.5902506113052368 
v 0.7553262114524841 0.20231910049915314 0.5470979809761047 
v 0.9243008494377136 0.46570757031440735 0.5324987769126892 
v 0.8058567643165588 0.5131333470344543 0.48613205552101135 
v 1.0353596210479736 0.6775053143501282 0.3395378887653351 
v 0.9740597009658813 0.023132450878620148 0.46455222368240356 
v 0.9517420530319214 0.4620248079299927 0.2935648262500763 
v 0.9049796462059021 0.023065775632858276 0.36038753390312195 
v 0.972070038318634 0.655727207660675 0.2671703100204468 
v 0.7593530416488647 0.14632758498191833 0.347425252199173 
v 0.9025452136993408 0.7141434550285339 0.2589128613471985 
v 0.5861396789550781 0.20331500470638275 0.3402290344238281 
v 0.947869062423706 0.5881319046020508 0.46732279658317566 
v 0.7621761560440063 0.1340695470571518 0.4932467043399811 
v 0.8104538321495056 0.60247802734375 0.258796364068985 
v 0.6453850865364075 0.14649392664432526 0.3150266408920288 
v 1.0847500562667847 0.4291497468948364 0.40758398175239563 
v 1.0524758100509644 0.1375199258327484 0.4508269131183624 
v 0.8485612869262695 0.47046512365341187 0.5021923780441284 
v 0.8128423094749451 0.17901252210140228 0.5454353094100952 
v 0.9684791564941406 0.5188083052635193 -0.31093093752861023 
v 0.9153991937637329 0.15844513475894928 -0.2980046272277832 
v 1.1565276384353638 0.48163968324661255 -0.5965399146080017 
v 1.105282187461853 0.022678080946207047 -0.5844577550888062 
v 1.4327726364135742 0.14480523765087128 -0.6624444723129272 
v 1.4919167757034302 0.5559021234512329 -0.676790714263916 
v 1.1857830286026 0.17758357524871826 -0.7477844953536987 
v 1.2549703121185303 0.6496167778968811 -0.7634496092796326 
v 1.1782760620117188 0.6358217000961304 -0.4970998764038086 
v 1.0893627405166626 0.31741786003112793 -0.48908063769340515 
v 1.3630256652832031 0.5345376133918762 -0.48131269216537476 
v 1.2399673461914062 0.022395694628357887 -0.4696703255176544 
v 1.115679383277893 0.02337241731584072 -0.4778369963169098 
v 1.0230917930603027 0.5733274221420288 -0.46003198623657227 
v 0.9595844149589539 0.14455533027648926 -0.44495806097984314 
v 1.112026333808899 0.48938554525375366 -0.6060658693313599 
v 1.0604203939437866 0.023417215794324875 -0.5946154594421387 
v 1.0004879236221313 0.1340106725692749 -0.5892887711524963 
v 1.1191188097000122 0.02309052087366581 -0.6758418679237366 
v 1.0457518100738525 0.409593790769577 -0.6020282506942749 
v 1.1539582014083862 0.4317006766796112 -0.6785042881965637 
v 1.1529896259307861 0.6813846230506897 -0.45722696185112 
v 1.0569312572479248 0.022731594741344452 -0.438767671585083 
v 1.2278156280517578 0.4574880301952362 -0.44212228059768677 
v 1.1812938451766968 0.0232083797454834 -0.4301360845565796 
v 1.3208822011947632 0.7894874215126038 -0.4908027946949005 
v 1.2612080574035645 0.23383906483650208 -0.5064853429794312 
v 1.4097412824630737 0.7712069153785706 -0.6512998938560486 
v 1.3466359376907349 0.2159966081380844 -0.6652895212173462 
v 1.1485460996627808 0.6621490120887756 -0.5921984314918518 
v 1.1302443742752075 0.17219533026218414 -0.5814151763916016 
v 1.391888976097107 0.6256198883056641 -0.6175624132156372 
v 1.3427478075027466 0.14042925834655762 -0.6041563749313354 
v 1.0545268058776855 0.4458869993686676 -0.39555343985557556 
v 1.025536298751831 0.15094998478889465 -0.3726259768009186 
v 1.1188100576400757 0.4198496639728546 -0.6458428502082825 
v 1.0880357027053833 0.02311844937503338 -0.6232289671897888 
v -0.9025729298591614 0.4025557041168213 -0.6507404446601868 
v -0.8288841247558594 0.02230781875550747 -0.5583817958831787 
v -1.0519837141036987 0.452271968126297 -0.34278950095176697 
v -0.9807916283607483 0.023498408496379852 -0.25146690011024475 
v -1.3431267738342285 0.16392302513122559 -0.16272053122520447 
v -1.3396865129470825 0.5664171576499939 -0.26924943923950195 
v -1.0934324264526367 0.1837143450975418 -0.08148889243602753 
v -1.007543921470642 0.644709050655365 -0.20341086387634277 
v -1.0324822664260864 0.5627816915512085 -0.4729950726032257 
v -0.9935585856437683 0.24525251984596252 -0.38534116744995117 
v -1.2297039031982422 0.48879316449165344 -0.46603649854660034 
v -1.1742631196975708 0.022395417094230652 -0.3499564826488495 
v -1.049914002418518 0.022611340507864952 -0.3430178165435791 
v -0.9424701929092407 0.4997820556163788 -0.51897794008255 
v -0.8565025925636292 0.022546345368027687 -0.4090733826160431 
v -1.0099395513534546 0.4638977646827698 -0.34321895241737366 
v -0.9359221458435059 0.022908668965101242 -0.2493090182542801 
v -0.8771970272064209 0.02310137078166008 -0.2643788158893585 
v -0.9808253645896912 0.022842934355139732 -0.16154323518276215 
v -0.9378615617752075 0.3879735767841339 -0.33084791898727417 
v -1.035811185836792 0.43095842003822327 -0.25114262104034424 
v -0.9167661666870117 0.5965902805328369 -0.5295194983482361 
v -0.9912165999412537 0.022264579311013222 -0.3840125501155853 
v -1.1103358268737793 0.3922008275985718 -0.48201608657836914 
v -1.1190239191055298 0.021965038031339645 -0.39264416694641113 
v -1.1908501386642456 0.7069166898727417 -0.5165265202522278 
v -1.1485636234283447 0.1862427145242691 -0.3391110897064209 
v -1.2583037614822388 0.7384638786315918 -0.34822654724121094 
v -1.216067910194397 0.21680225431919098 -0.1727365255355835 
v -0.9164423942565918 0.6028835773468018 -0.3810397982597351 
v -1.056786298751831 0.023297956213355064 -0.25116878747940063 
v -1.247529149055481 0.6122385263442993 -0.3545185625553131 
v -1.2717703580856323 0.14110246300697327 -0.22838187217712402 
v -0.9739699363708496 0.35745882987976074 -0.535927951335907 
v -0.9290149807929993 0.02289765514433384 -0.47131338715553284 
v -1.0058085918426514 0.4099280536174774 -0.28311166167259216 
v -0.9566345810890198 0.023113787174224854 -0.21900257468223572 
v 0.05860552564263344 0.6236158609390259 0.31114131212234497 
v -0.3315345048904419 0.0222614835947752 0.41870057582855225 
v -0.3197749853134155 0.7206961512565613 -0.1147654578089714 
v -0.7103049755096436 0.17889030277729034 -0.007529434747993946 
v -0.6425368785858154 0.1534578800201416 0.2719646096229553 
v -0.742541491985321 0.15650014579296112 0.047569822520017624 
v -0.4485097825527191 0.5681180953979492 0.18210257589817047 
v -0.37274256348609924 0.6310239434242249 -0.026747137308120728 
v 0.19595986604690552 0.9437184929847717 0.14189718663692474 
v -0.3694913983345032 0.022947145625948906 0.3297724425792694 
v -0.02656482346355915 0.5793352127075195 0.03648341819643974 
v -0.3246406614780426 0.021991902962327003 0.13223254680633545 
v 0.18232858180999756 0.8801683783531189 0.026437513530254364 
v -0.4213084578514099 0.022761235013604164 0.14537687599658966 
v -0.063106469810009 0.9431585669517517 -0.18121962249279022 
v -0.6353991031646729 0.02367585524916649 -0.0590360052883625 
v -0.13522402942180634 0.8840591907501221 0.14318054914474487 
v -0.6087415814399719 0.1390163004398346 0.1987026333808899 
v -0.11231577396392822 0.7922759652137756 -0.26396244764328003 
v -0.5871153473854065 0.02231590822339058 -0.15042011439800262 
v -0.0526219941675663 0.5427908897399902 0.36078763008117676 
v -0.2417149841785431 0.02264695055782795 0.43317410349845886 
v -0.2847908139228821 0.6622352600097656 0.15526317059993744 
v -0.6051594614982605 0.20863576233386993 0.22901929914951324 
v 0.9756525754928589 0.5911033749580383 0.7021077871322632 
v 0.8255357146263123 0.022955387830734253 0.7099243998527527 
v 0.6605144739151001 0.70904541015625 0.4367993175983429 
v 0.40603336691856384 0.19346396625041962 0.4451870620250702 
v 0.7424799799919128 0.8252930045127869 0.7681637406349182 
v 0.4417758285999298 0.149741068482399 0.7794822454452515 
v 0.6931249499320984 0.738703191280365 0.3840246796607971 
v 0.41763389110565186 0.1504179835319519 0.3946257531642914 
v 0.5730322599411011 0.6198346614837646 0.7046648859977722 
v 0.944589376449585 0.5243909358978271 0.7173340916633606 
v 0.46489983797073364 0.19640526175498962 0.6901297569274902 
v 0.8358909487724304 0.022833870723843575 0.703617513179779 
v 0.6626182198524475 0.682807207107544 0.6892061233520508 
v 0.3557497262954712 0.02170138992369175 0.6036320328712463 
v 0.1826932728290558 0.8872573971748352 0.3280765116214752 
v -0.17666034400463104 0.14585597813129425 0.2433866709470749 
v -0.04138573259115219 0.02278018929064274 0.5411239862442017 
v -0.19977439939975739 0.16651175916194916 0.3155874013900757 
v 0.2411470264196396 0.6136713624000549 0.5990698933601379 
v 0.14831624925136566 0.756139874458313 0.4096159338951111 
v 0.7121120095252991 1.107724905014038 0.6131200790405273 
v 0.29360219836235046 0.0221184603869915 0.5093926191329956 
v 0.5824924111366272 0.7365677356719971 0.35577505826950073 
v 0.3109039068222046 0.022750606760382652 0.26362109184265137 
v 0.6766766309738159 1.0902894735336304 0.4749951958656311 
v 0.20035170018672943 0.022177891805768013 0.3082999289035797 
v 0.4302312135696411 1.2007697820663452 0.3098337948322296 
v -0.09507524967193604 0.12045497447252274 0.1464889645576477 
v 0.42307546734809875 0.9945695400238037 0.6543622016906738 
v -0.01721019856631756 0.022754570469260216 0.43689361214637756 
v 0.3785390257835388 1.0687572956085205 0.17351776361465454 
v -0.05478513240814209 0.1651161015033722 0.022979214787483215 
v 0.6088463664054871 0.5775030851364136 0.6981860399246216 
v 0.4697244465351105 0.02166658267378807 0.6054917573928833 
v 0.29485177993774414 0.7176713943481445 0.5816251039505005 
v -0.00660702446475625 0.16170479357242584 0.4878341853618622 
v -0.47605791687965393 0.5025970339775085 0.4842618703842163 
v -0.525749683380127 0.14095765352249146 0.48556995391845703 
v -0.13653846085071564 0.4557548761367798 0.5183483958244324 
v -0.18646259605884552 0.022472871467471123 0.5177207589149475 
v 0.03458065912127495 0.02243209257721901 0.7659837007522583 
v 0.08940213918685913 0.4837689995765686 0.7659847736358643 
v -0.01030461024492979 0.02271437644958496 0.5062036514282227 
v 0.054859012365341187 0.5508016347885132 0.5067455768585205 
v -0.018782839179039 0.5963289737701416 0.579613447189331 
v -0.2591167092323303 0.2885771691799164 0.5209455490112305 
v -0.1273905485868454 0.49929559230804443 0.7673795223236084 
v -0.2727927267551422 0.02277948707342148 0.6837919354438782 
v -0.30043265223503113 0.02259904332458973 0.5657854676246643 
v -0.318280428647995 0.5483658313751221 0.45638638734817505 
v -0.3764050602912903 0.022831149399280548 0.4567743241786957 
v -0.15016956627368927 0.45933523774147034 0.47420018911361694 
v -0.19682253897190094 0.022503018379211426 0.474103182554245 
v -0.23133575916290283 0.0229913629591465 0.42540672421455383 
v -0.10008962452411652 0.022999929264187813 0.4871162176132202 
v -0.18904061615467072 0.3751271665096283 0.4273834824562073 
v -0.0669032409787178 0.399483323097229 0.4822251796722412 
v -0.05373496934771538 0.6554138660430908 0.5737463235855103 
v -0.3591010868549347 0.02350766211748123 0.5297027826309204 
v -0.2236490100622177 0.4408932030200958 0.6666915416717529 
v -0.3314956724643707 0.02301706187427044 0.6523231863975525 
v 0.020670095458626747 0.6918463110923767 0.6863809823989868 
v -0.23870155215263367 0.14834153652191162 0.6648564338684082 
v 0.19393521547317505 0.6358643174171448 0.7180416584014893 
v -0.07244601845741272 0.02325165644288063 0.6952788233757019 
v -0.03378021717071533 0.5733558535575867 0.49317166209220886 
v -0.20716828107833862 0.022809553891420364 0.5174883008003235 
v 0.015814220532774925 0.5303441882133484 0.7200829982757568 
v -0.12428169697523117 0.022704461589455605 0.7103486061096191 
v -0.3624124526977539 0.42903584241867065 0.5302596092224121 
v -0.4085441827774048 0.13658788800239563 0.5456521511077881 
v -0.1158454567193985 0.3880447745323181 0.46811553835868835 
v -0.1588127762079239 0.02284514345228672 0.48449334502220154 
v 0.48175719380378723 0.5911574959754944 -0.2378963828086853 
v 0.21059563755989075 0.15414410829544067 -0.26909828186035156 
v 0.09797335416078568 0.7174772620201111 -0.16687799990177155 
v -0.2008206844329834 0.2804282307624817 -0.19854484498500824 
v 0.3371500074863434 0.6671050786972046 -0.005193373188376427 
v -0.034460630267858505 0.0231171865016222 -0.028426215052604675 
v 0.11775490641593933 0.6991789937019348 -0.23838132619857788 
v -0.2486138492822647 0.1570688635110855 -0.2596077620983124 
v 0.07674960792064667 0.506365954875946 -0.03821396082639694 
v 0.2849792540073395 0.45866599678993225 -0.2866133451461792 
v -0.01784137450158596 0.14473892748355865 -0.047296054661273956 
v 0.1900331676006317 0.023010967299342155 -0.29517513513565063 
v 1.4607155323028564 0.8221360445022583 -1.232958436012268 
v 1.6541897058486938 0.2862822413444519 -1.0047897100448608 
v 0.9987707138061523 0.7047742605209351 -1.0478203296661377 
v 1.1162742376327515 0.16918593645095825 -0.8208140730857849 
v 1.3526524305343628 0.2658030688762665 -0.7893298268318176 
v 1.1238031387329102 0.181259885430336 -0.7894766330718994 
v 1.1974459886550903 0.672762930393219 -0.9646381735801697 
v 0.9722087383270264 0.6584188938140869 -0.9890066981315613 
v 1.2748641967773438 1.036259651184082 -1.3527939319610596 
v 1.5919400453567505 0.21758690476417542 -0.9858793616294861 
v 1.275143027305603 0.6389207243919373 -1.3282544612884521 
v 1.457572340965271 0.022657595574855804 -1.1130434274673462 
v 1.1952635049819946 0.9659759998321533 -1.4441226720809937 
v 1.4288387298583984 0.13547471165657043 -1.0694762468338013 
v 0.9889060258865356 0.9158087968826294 -1.3218762874603271 
v 1.1536269187927246 0.022502077743411064 -0.9506917595863342 
v 1.2525420188903809 0.9380544424057007 -1.1124804019927979 
v 1.264171838760376 0.15718629956245422 -0.8447479009628296 
v 0.9725112318992615 0.7985498905181885 -1.3643823862075806 
v 1.0695691108703613 -0.00015435086970683187 -0.9190613627433777 
v 1.5399502515792847 0.7510561347007751 -1.209267258644104 
v 1.696555256843567 0.30415236949920654 -1.0498980283737183 
v 1.1895558834075928 0.7207947969436646 -0.9478349089622498 
v 1.349605679512024 0.2737138271331787 -0.7884656190872192 
v 3.129244565963745 0.4928613603115082 -1.1045973300933838 
v 3.022113561630249 0.021765613928437233 -0.9250847101211548 
v 2.647737503051758 0.599436342716217 -1.1042536497116089 
v 2.5420937538146973 0.02299615927040577 -0.9245238900184631 
v 2.1794357299804688 0.02288900874555111 -1.2298822402954102 
v 2.3011162281036377 0.6425066590309143 -1.4342026710510254 
v 2.302513837814331 0.1997818797826767 -0.8913719058036804 
v 2.4416730403900146 0.8234713673591614 -1.126296877861023 
v 2.802530288696289 0.7214457392692566 -1.2494935989379883 
v 2.739623546600342 0.30435070395469666 -1.0375417470932007 
v 2.625602960586548 0.5720003247261047 -1.441712498664856 
v 2.5454893112182617 0.02185823954641819 -1.1549930572509766 
v 2.6422247886657715 0.022406350821256638 -1.0115922689437866 
v 2.9437570571899414 0.6469280123710632 -1.0794150829315186 
v 2.818375587463379 0.02251172438263893 -0.8670289516448975 
v 2.67627215385437 0.617005467414856 -1.0482850074768066 
v 2.568657875061035 0.13651758432388306 -0.8669479489326477 
v 2.624504566192627 0.1478981077671051 -0.8060672283172607 
v 2.428550958633423 0.16568081080913544 -0.872820258140564 
v 2.6985254287719727 0.5124947428703308 -0.9460611343383789 
v 2.5363242626190186 0.5821280479431152 -1.0246899127960205 
v 2.8919262886047363 0.780728816986084 -1.2709611654281616 
v 2.7389211654663086 0.02219429239630699 -0.9762725234031677 
v 2.745119333267212 0.4782903492450714 -1.2909891605377197 
v 2.63875150680542 0.022028524428606033 -1.1228268146514893 
v 2.747465133666992 0.7923908233642578 -1.4498786926269531 
v 2.5316884517669678 0.022139135748147964 -1.1712251901626587 
v 2.4952142238616943 0.8571621179580688 -1.4285271167755127 
v 2.282243490219116 0.1414552479982376 -1.1501312255859375 
v 2.7208847999572754 0.7456719279289246 -1.128829002380371 
v 2.528266191482544 0.02275542914867401 -0.9441418647766113 
v 2.476945638656616 0.7034870982170105 -1.384500503540039 
v 2.3175740242004395 0.02259884774684906 -1.163326382637024 
v 2.9332263469696045 0.4422606825828552 -1.1207387447357178 
v 2.8494503498077393 0.022318921983242035 -0.9969518184661865 
v 2.5968027114868164 0.5492699146270752 -1.0019892454147339 
v 2.514268159866333 0.1534605473279953 -0.8785308003425598 
v 0.5372776389122009 0.7304456233978271 -0.5868821144104004 
v 0.22762010991573334 0.1493879109621048 -0.43772655725479126 
v -0.04122498258948326 0.8985466361045837 -0.48963552713394165 
v -0.3232499957084656 0.3175245523452759 -0.340015172958374 
v -0.8245458602905273 0.2408772110939026 -0.5143341422080994 
v -0.5693877935409546 0.9038681983947754 -0.6849216818809509 
v -0.6182824373245239 0.2892181873321533 -0.12372643500566483 
v -0.289053350687027 1.0492759943008423 -0.3184650242328644 
v 0.12597469985485077 0.8589324355125427 -0.6186336278915405 
v -0.11845066398382187 0.33740857243537903 -0.4301004111766815 
v -0.15678653120994568 0.7334870100021362 -0.8387332558631897 
v -0.3948509395122528 -0.00004206084486213513 -0.5809207558631897 
v -0.2555793523788452 0.02169119194149971 -0.4252345561981201 
v 0.34963005781173706 0.9096578359603882 -0.48933225870132446 
v 0.013582848012447357 0.21846717596054077 -0.3129734396934509 
v 0.006835975684225559 0.8928572535514832 -0.41179507970809937 
v -0.2754374146461487 0.30700868368148804 -0.2621089518070221 
v -0.17530210316181183 0.30650565028190613 -0.1737114042043686 
v -0.41451922059059143 0.35609081387519836 -0.2149336040019989 
v 0.0894046500325203 0.7523205280303955 -0.28949323296546936 
v -0.12947845458984375 0.8614720106124878 -0.34195956587791443 
v 0.24075622856616974 0.9417046904563904 -0.6724289655685425 
v -0.13470175862312317 0.021562734618782997 -0.42168188095092773 
v 0.005691396072506905 0.6021048426628113 -0.7202468514442444 
v -0.27742093801498413 -0.000049017093260772526 -0.58221435546875 
v -0.0380721352994442 0.892695963382721 -0.773116946220398 
v -0.4628191292285919 0.021502213552594185 -0.5268775820732117 
v -0.3267654776573181 0.9875909686088562 -0.6944676637649536 
v -0.7459609508514404 0.022913960739970207 -0.45059868693351746 
v 0.02154075726866722 0.8430173993110657 -0.4290632903575897 
v -0.379879891872406 0.02242036536335945 -0.2870137691497803 
v -0.3056778907775879 0.860423743724823 -0.6944527626037598 
v -0.6630766987800598 0.022762231528759003 -0.5136675238609314 
v 0.28201740980148315 0.6696068644523621 -0.558976411819458 
v 0.029449040070176125 0.19119931757450104 -0.46626928448677063 
v -0.08063048124313354 0.8039520382881165 -0.34824123978614807 
v -0.3332602381706238 0.3243517577648163 -0.2543061077594757 
v 0.05208302661776543 0.6311037540435791 0.9314801692962646 
v -0.10784874856472015 0.14070570468902588 0.8383968472480774 
v -0.3617105185985565 0.6440592408180237 0.9851543307304382 
v -0.5181601643562317 0.15421068668365479 0.892303466796875 
v -0.11002325266599655 0.6354567408561707 1.1523221731185913 
v -0.3349565267562866 0.02288193441927433 1.0449470281600952 
v -0.3342169225215912 0.6413951516151428 0.9187651872634888 
v -0.5456832647323608 0.15630190074443817 0.8249188661575317 
v -0.31263622641563416 0.4566856324672699 1.0935736894607544 
v -0.11013646423816681 0.4990023374557495 0.8609215021133423 
v -0.3280334770679474 0.02318066731095314 1.017794132232666 
v -0.12119986116886139 0.14972782135009766 0.7847226858139038 
v 1.4937933683395386 0.5923793315887451 1.1520295143127441 
v 1.5638946294784546 0.14240729808807373 1.016066551208496 
v 1.0805243253707886 0.4812774062156677 1.2997254133224487 
v 1.152468204498291 -0.00001100169447454391 1.163459300994873 
v 1.3504948616027832 0.022496892139315605 1.1867666244506836 
v 1.1628406047821045 0.00020185868197586387 1.1862307786941528 
v 1.2903286218643188 0.39705315232276917 1.290785551071167 
v 1.1154390573501587 0.42146575450897217 1.3053600788116455 
v 1.3880033493041992 0.8186132907867432 1.2224669456481934 
v 1.5162911415100098 0.022735171020030975 1.0237832069396973 
v 1.3198127746582031 0.5673288702964783 1.057486653327942 
v 1.385046124458313 0.022746672853827477 0.9218420386314392 
v 1.305559515953064 0.8273234963417053 1.1482447385787964 
v 1.37126624584198 0.02343553863465786 0.9620736837387085 
v 1.095035195350647 0.7633022665977478 1.2466886043548584 
v 1.166296124458313 0.00023426355619449168 1.057536005973816 
v 1.3080049753189087 0.6734744906425476 1.3325843811035156 
v 1.3435893058776855 0.022537076845765114 1.1174565553665161 
v 1.021393060684204 0.674568772315979 1.1769336462020874 
v 1.0983761548995972 0.022714948281645775 0.9831167459487915 
v 1.5424773693084717 0.5316736698150635 1.1205859184265137 
v 1.596458077430725 0.1711510270833969 0.9887519478797913 
v 1.2949228286743164 0.41921818256378174 1.3236844539642334 
v 1.3504977226257324 0.022552622482180595 1.191612958908081 
v 0.06459447741508484 0.5386349558830261 0.6913382411003113 
v -0.034465812146663666 0.023018643260002136 0.6346660256385803 
v -0.20733743906021118 0.6236618161201477 0.7655048370361328 
v -0.4397856891155243 0.13353702425956726 0.7083374261856079 
v -0.7761740684509277 0.3083590567111969 0.5799309611320496 
v -0.5783916115760803 0.7960072159767151 0.64539635181427 
v -0.6518296599388123 0.24135743081569672 0.8647969365119934 
v -0.3881619870662689 0.8012309670448303 0.9398996829986572 
v -0.10343144834041595 0.7635694742202759 0.7281490564346313 
v -0.2931554615497589 0.3654140532016754 0.7155090570449829 
v -0.27070558071136475 0.7346088290214539 0.5342879295349121 
v -0.4773780107498169 0.1413075476884842 0.5218850374221802 
v -0.3862086832523346 0.1679275929927826 0.6348835229873657 
v 0.055794570595026016 0.6361120343208313 0.7947198152542114 
v -0.19330355525016785 0.023770218715071678 0.7256509065628052 
v -0.17038053274154663 0.6035409569740295 0.8224639296531677 
v -0.40303972363471985 0.10931643098592758 0.7655946612358093 
v -0.30476129055023193 0.13985119760036469 0.8300634622573853 
v -0.4802682101726532 0.152263343334198 0.82953280210495 
v -0.2873951494693756 0.4773682653903961 0.8591577410697937 
v -0.4362894296646118 0.5371211171150208 0.8645095825195312 
v -0.02514614909887314 0.8082894682884216 0.7163388729095459 
v -0.3012548089027405 0.14087346196174622 0.6405233144760132 
v -0.16405345499515533 0.5922563076019287 0.5855867862701416 
v -0.39578354358673096 0.11608925461769104 0.5248363614082336 
v -0.1822541505098343 0.9769113063812256 0.6613258123397827 
v -0.5125089287757874 0.3311711251735687 0.5867079496383667 
v -0.3942272961139679 1.0189813375473022 0.7195533514022827 
v -0.7210507392883301 0.3728030323982239 0.6432425379753113 
v -0.15831992030143738 0.7708170413970947 0.8599316477775574 
v -0.46984949707984924 0.15337468683719635 0.7415345907211304 
v -0.37881356477737427 0.8486666083335876 0.6670814752578735 
v -0.6601113080978394 0.28177860379219055 0.5765753984451294 
v -0.13664770126342773 0.5207585096359253 0.6565794348716736 
v -0.16528086364269257 0.16564206779003143 0.6039808988571167 
v -0.38232263922691345 0.5119608640670776 0.8541496396064758 
v -0.4109797775745392 0.15637852251529694 0.8030115365982056 
v 1.5722684860229492 0.7750409841537476 1.0152291059494019 
v 1.6769276857376099 0.3925761878490448 0.780655562877655 
v 1.183698058128357 0.6069531440734863 1.1161792278289795 
v 1.2883573770523071 0.2244883030653 0.8816056847572327 
v 1.4389618635177612 0.6678609251976013 1.24120032787323 
v 1.5190147161483765 0.14279423654079437 0.9542914628982544 
v 1.168537974357605 0.6479448676109314 1.0356552600860596 
v 1.238274335861206 0.19087699055671692 0.7863655686378479 
v 1.42174232006073 0.46744492650032043 1.1399612426757812 
v 1.6129151582717896 0.6252527832984924 0.924653172492981 
v 1.4641045331954956 0.14961831271648407 0.9443004727363586 
v 1.6553146839141846 0.3081529438495636 0.7292249202728271 
v 3.305316686630249 0.29006227850914 1.5070140361785889 
v 3.2846031188964844 0.02173893339931965 1.4403868913650513 
v 3.066908359527588 0.2882380485534668 1.5862139463424683 
v 3.0462934970855713 0.021834146231412888 1.5185911655426025 
v 2.8252909183502197 0.022670699283480644 1.4234875440597534 
v 2.850170612335205 0.3719630241394043 1.499918818473816 
v 2.9288604259490967 0.02178310416638851 1.5778090953826904 
v 2.956955671310425 0.3664439618587494 1.66569185256958 
v 3.12076473236084 0.3951829969882965 1.5520063638687134 
v 3.1257565021514893 0.15657085180282593 1.5113749504089355 
v 3.0092287063598633 0.37549617886543274 1.445713996887207 
v 3.0186984539031982 0.022529849782586098 1.3928172588348389 
v 3.0842947959899902 0.022011347115039825 1.4516714811325073 
v 3.214005470275879 0.3278104364871979 1.581938624382019 
v 3.191371440887451 0.022161535918712616 1.5017627477645874 
v 3.0872678756713867 0.2811732590198517 1.610046625137329 
v 3.0670135021209717 0.0217761117964983 1.543055534362793 
v 3.101560354232788 0.02194100059568882 1.5645990371704102 
v 2.9944748878479004 0.0216213371604681 1.562739372253418 
v 3.1146976947784424 0.21014365553855896 1.6168081760406494 
v 3.0233325958251953 0.24685074388980865 1.6221903562545776 
v 3.160792589187622 0.4347522258758545 1.5524107217788696 
v 3.1361045837402344 0.022054681554436684 1.4557547569274902 
v 3.0918681621551514 0.30345654487609863 1.46432626247406 
v 3.0704710483551025 0.021846434101462364 1.3966680765151978 
v 3.0663704872131348 0.47916728258132935 1.4990397691726685 
v 3.008335590362549 0.02250199392437935 1.4071240425109863 
v 2.941844940185547 0.4755203425884247 1.5505560636520386 
v 2.887465476989746 0.02277754433453083 1.45834219455719 
v 3.0948755741119385 0.36190927028656006 1.6150044202804565 
v 3.0359506607055664 0.02219867892563343 1.504051923751831 
v 2.9413363933563232 0.3985117971897125 1.5227611064910889 
v 2.9046826362609863 0.021762076765298843 1.4261102676391602 
v 3.2068138122558594 0.2551646828651428 1.5039211511611938 
v 3.187913417816162 0.022080224007368088 1.4372990131378174 
v 3.0536727905273438 0.23237904906272888 1.6148525476455688 
v 3.0359151363372803 0.02150755003094673 1.5488975048065186 
v 4.217655181884766 0.3002847731113434 0.23119394481182098 
v 4.213692665100098 0.021885933354496956 0.22600829601287842 
v 3.968989372253418 0.3004814386367798 0.35593676567077637 
v 3.964988946914673 0.021355824545025826 0.35051873326301575 
v 3.73016095161438 0.021989569067955017 0.21810434758663177 
v 3.7361748218536377 0.3402486741542816 0.22638282179832458 
v 3.8475894927978516 0.02195570059120655 0.4453544616699219 
v 3.852257251739502 0.3811841607093811 0.4538048505783081 
v 4.015315532684326 0.3953345715999603 0.2678528428077698 
v 4.040281295776367 0.14216488599777222 0.29211461544036865 
v 3.8986411094665527 0.3428979218006134 0.1317138969898224 
v 3.9304702281951904 0.02173723466694355 0.16658808290958405 
v 4.003007888793945 0.021869663149118423 0.24990670382976532 
v 4.1200642585754395 0.35023847222328186 0.3292236030101776 
v 4.116998672485352 0.022149136289954185 0.32107651233673096 
v 3.9897284507751465 0.30079567432403564 0.39178699254989624 
v 3.9857280254364014 0.021670080721378326 0.3863689601421356 
v 4.027183532714844 0.021852770820260048 0.4192982017993927 
v 3.913222312927246 0.022148409858345985 0.4191313683986664 
v 4.024956703186035 0.24707673490047455 0.42351335287094116 
v 3.9264886379241943 0.2799828350543976 0.4243472218513489 
v 4.056056022644043 0.44875016808509827 0.25498148798942566 
v 4.0582756996154785 0.02199661172926426 0.25568297505378723 
v 3.9926249980926514 0.289966881275177 0.1791418194770813 
v 3.985748529434204 0.022069286555051804 0.16921088099479675 
v 3.9497506618499756 0.46358323097229004 0.18554003536701202 
v 3.9166576862335205 0.021792979910969734 0.1937410682439804 
v 3.821923017501831 0.46288904547691345 0.268525093793869 
v 3.7888782024383545 0.022030623629689217 0.2738051116466522 
v 3.996948003768921 0.3739854395389557 0.3701880872249603 
v 3.9546568393707275 0.021925438195466995 0.3328261077404022 
v 3.827967405319214 0.3789851665496826 0.23863792419433594 
v 3.813020944595337 0.021369634196162224 0.21926669776439667 
v 4.115294456481934 0.25753214955329895 0.24323654174804688 
v 4.113507270812988 0.02141687646508217 0.22099515795707703 
v 3.962898015975952 0.2492237240076065 0.4167414903640747 
v 3.958125352859497 0.022211864590644836 0.39413630962371826 
v 1.1274168491363525 0.7213791012763977 -1.0275352001190186 
v 1.1985690593719482 0.023323411121964455 -0.8048348426818848 
v 0.5486285090446472 0.6825466156005859 -0.9335386157035828 
v 0.5975555181503296 0.022424012422561646 -0.7103681564331055 
v 0.8939486145973206 0.949821412563324 -0.747641384601593 
v 0.8846012949943542 0.1640152633190155 -0.4560759365558624 
v 0.6805068850517273 0.6948410868644714 -1.0208039283752441 
v 0.575677216053009 -0.000029619153792737052 -0.7195001244544983 
v 0.8674077391624451 0.7024959325790405 -0.6982177495956421 
v 1.1311843395233154 0.6603469252586365 -0.9729059934616089 
v 0.8244941234588623 0.20408755540847778 -0.5440691709518433 
v 1.1884397268295288 0.1620909720659256 -0.8202834725379944 
v 0.9737388491630554 0.7552857398986816 -0.262764573097229 
v 0.9394359588623047 0.2899761199951172 -0.20092473924160004 
v 0.5844197869300842 0.7740251421928406 -0.1859196126461029 
v 0.5017786026000977 0.309016615152359 -0.12477732449769974 
v 0.13730868697166443 0.20656895637512207 -0.26806211471557617 
v 0.30966418981552124 0.737047016620636 -0.3374265730381012 
v 0.2808080017566681 0.2433444857597351 0.03573983162641525 
v 0.45372387766838074 0.8518387079238892 -0.04413590952754021 
v 0.6979609727859497 0.8998178243637085 -0.2710774838924408 
v 0.6214070320129395 0.4859888553619385 -0.1725839078426361 
v 0.5848709344863892 0.7827932238578796 -0.45190542936325073 
v 0.46672555804252625 0.23188558220863342 -0.31734970211982727 
v 0.5710946917533875 0.246540829539299 -0.19668497145175934 
v 0.8850796818733215 0.8445780873298645 -0.17618119716644287 
v 0.7702564001083374 0.2911100685596466 -0.1019400879740715 
v 0.6533752679824829 0.7716707587242126 -0.12437698990106583 
v 0.5393846035003662 0.3015114665031433 -0.06217338517308235 
v 0.6214306354522705 0.28506773710250854 0.011184582486748695 
v 0.4348752796649933 0.28412961959838867 -0.02114836312830448 
v 0.6224218606948853 0.6399657726287842 -0.03653064742684364 
v 0.5698310136795044 0.6918690204620361 -0.07234027981758118 
v 0.7644320726394653 0.9834306240081787 -0.29964524507522583 
v 0.6582969427108765 0.26318585872650146 -0.18994341790676117 
v 0.6705089211463928 0.7019087672233582 -0.36846572160720825 
v 0.5539384484291077 0.24873574078083038 -0.3137616813182831 
v 0.6699790954589844 0.960117757320404 -0.3923282325267792 
v 0.4159426689147949 0.2517991065979004 -0.2860780656337738 
v 0.4116358757019043 0.9736135005950928 -0.33271104097366333 
v 0.19208398461341858 0.26424920558929443 -0.22622841596603394 
v 0.5680957436561584 0.8595218658447266 -0.12672173976898193 
v 0.47709566354751587 0.2320537269115448 -0.08857348561286926 
v 0.45296987891197205 0.8371833562850952 -0.33209988474845886 
v 0.26546016335487366 0.21355876326560974 -0.265338271856308 
v 0.7897034883499146 0.669071614742279 -0.24983270466327667 
v 0.7839021682739258 0.2878151535987854 -0.22187191247940063 
v 0.687017560005188 0.6871291995048523 -0.08641454577445984 
v 0.49126026034355164 0.30596795678138733 -0.058322474360466 
v -0.0820697695016861 0.5074723362922668 -0.4830869436264038 
v -0.2106495201587677 0.02227402664721012 -0.38407301902770996 
v -0.3858264684677124 0.6452383995056152 -0.4054937958717346 
v -0.6442612409591675 0.1870686560869217 -0.3048172891139984 
v -0.12190145254135132 0.740227997303009 -0.2453148514032364 
v -0.4221174716949463 0.14129000902175903 -0.11458481848239899 
v -0.39780548214912415 0.6809276938438416 -0.46995243430137634 
v -0.6733644604682922 0.1584487110376358 -0.35627302527427673 
v -0.37322574853897095 0.5545059442520142 -0.22177563607692719 
v -0.14877158403396606 0.48650240898132324 -0.47960513830184937 
v -0.40005114674568176 0.16739757359027863 -0.1445222795009613 
v -0.1795329600572586 0.022897059097886086 -0.40106824040412903 
vn 0.2823294997215271 -0.26129841804504395 0.7777093052864075 
vn 0.2823294997215271 -0.26129841804504395 0.7777093052864075 
vn 0.2823294997215271 -0.26129841804504395 0.7777093052864075 
vn 0.2821439206600189 -0.2649049758911133 0.7765557169914246 
vn -0.7170749306678772 -0.11311584711074829 0.47520747780799866 
vn -0.7170749306678772 -0.11311584711074829 0.47520747780799866 
vn -0.7170749306678772 -0.11311584711074829 0.47520747780799866 
vn -0.7170749306678772 -0.11311584711074829 0.47520747780799866 
vn -0.5650727152824402 -0.17220748960971832 0.6354946494102478 
vn -0.5650727152824402 -0.17220748960971832 0.6354946494102478 
vn -0.5650727152824402 -0.17220748960971832 0.6354946494102478 
vn -0.5650727152824402 -0.17220748960971832 0.6354946494102478 
vn -0.5650727152824402 -0.17220748960971832 0.6354946494102478 
vn 0.2823294997215271 -0.26129841804504395 0.7777093052864075 
vn 0.2821439206600189 -0.2649049758911133 0.7765557169914246 
vn 0.2821439206600189 -0.2649049758911133 0.7765557169914246 
vn 0.2821439206600189 -0.2649049758911133 0.7765557169914246 
vn -0.013659579679369926 -0.26547732949256897 0.8259266018867493 
vn -0.013659579679369926 -0.26547732949256897 0.8259266018867493 
vn -0.013474014587700367 -0.26187077164649963 0.8270801901817322 
vn -0.013474014587700367 -0.26187077164649963 0.8270801901817322 
vn -0.5650727152824402 -0.17220748960971832 0.6354946494102478 
vn -0.565258264541626 -0.17581404745578766 0.6343410015106201 
vn -0.5650727152824402 -0.17220748960971832 0.6354946494102478 
vn -0.565258264541626 -0.17581404745578766 0.6343410015106201 
vn 0.3553222715854645 -0.25588884949684143 0.7490561008453369 
vn 0.3553222715854645 -0.25588884949684143 0.7490561008453369 
vn 0.3553222715854645 -0.25588884949684143 0.7490561008453369 
vn 0.3553222715854645 -0.25588884949684143 0.7490561008453369 
vn -0.4430323839187622 -0.20468175411224365 0.7173876762390137 
vn -0.4432179629802704 -0.208288311958313 0.7162340879440308 
vn -0.4430323839187622 -0.20468175411224365 0.7173876762390137 
vn -0.4432179629802704 -0.208288311958313 0.7162340879440308 
vn 0.5356804728507996 -0.2734127342700958 0.6253863573074341 
vn 0.5356804728507996 -0.2734127342700958 0.6253863573074341 
vn 0.5356804728507996 -0.2734127342700958 0.6253863573074341 
vn 0.5356804728507996 -0.2734127342700958 0.6253863573074341 
vn -0.3656822443008423 0.0015872978838160634 0.7868238687515259 
vn -0.3656822443008423 0.0015872978838160634 0.7868238687515259 
vn -0.3656822443008423 0.0015872978838160634 0.7868238687515259 
vn -0.3656822443008423 0.0015872978838160634 0.7868238687515259 
vn 0.4330216944217682 -0.0014826873084530234 0.7518691420555115 
vn 0.4330216944217682 -0.0014826873084530234 0.7518691420555115 
vn 0.4330216944217682 -0.0014826873084530234 0.7518691420555115 
vn 0.4330216944217682 -0.0014826873084530234 0.7518691420555115 
vn 0.22665855288505554 0.000763859658036381 0.837522566318512 
vn 0.22665855288505554 0.000763859658036381 0.837522566318512 
vn 0.22665855288505554 0.000763859658036381 0.837522566318512 
vn 0.22665855288505554 0.000763859658036381 0.837522566318512 
vn -0.4310999810695648 0.0003408787597436458 0.7529740929603577 
vn -0.4310999810695648 0.0003408787597436458 0.7529740929603577 
vn -0.4310999810695648 0.0003408787597436458 0.7529740929603577 
vn -0.4310999810695648 0.0003408787597436458 0.7529740929603577 
vn -0.3656822443008423 0.0015872978838160634 0.7868238687515259 
vn -0.3656822443008423 0.0015872978838160634 0.7868238687515259 
vn -0.3656822443008423 0.0015872978838160634 0.7868238687515259 
vn -0.3656822443008423 0.0015872978838160634 0.7868238687515259 
vn 0.0015838462859392166 -0.0010869744000956416 0.867649495601654 
vn 0.0015838462859392166 -0.0010869744000956416 0.867649495601654 
vn 0.0015838462859392166 -0.0010869744000956416 0.867649495601654 
vn 0.0015838462859392166 -0.0010869744000956416 0.867649495601654 
vn 0.49582570791244507 0.000386172003345564 0.7120205760002136 
vn 0.49582570791244507 0.000386172003345564 0.7120205760002136 
vn 0.49582570791244507 0.000386172003345564 0.7120205760002136 
vn 0.49582570791244507 0.000386172003345564 0.7120205760002136 
vn 0.4330216944217682 -0.0014826873084530234 0.7518691420555115 
vn 0.4330216944217682 -0.0014826873084530234 0.7518691420555115 
vn 0.4330216944217682 -0.0014826873084530234 0.7518691420555115 
vn 0.4330216944217682 -0.0014826873084530234 0.7518691420555115 
vn 0.4330216944217682 -0.0014826873084530234 0.7518691420555115 
vn 0.4330216944217682 -0.0014826873084530234 0.7518691420555115 
vn 0.4330216944217682 -0.0014826873084530234 0.7518691420555115 
vn 0.4330216944217682 -0.0014826873084530234 0.7518691420555115 
vn -0.4310999810695648 0.0003408787597436458 0.7529740929603577 
vn -0.4310999810695648 0.0003408787597436458 0.7529740929603577 
vn -0.4310999810695648 0.0003408787597436458 0.7529740929603577 
vn -0.4310999810695648 0.0003408787597436458 0.7529740929603577 
vn -0.3656822443008423 0.0015872978838160634 0.7868238687515259 
vn -0.3656822443008423 0.0015872978838160634 0.7868238687515259 
vn -0.3656822443008423 0.0015872978838160634 0.7868238687515259 
vn -0.3656822443008423 0.0015872978838160634 0.7868238687515259 
vn 0.49582570791244507 0.000386172003345564 0.7120205760002136 
vn 0.49582570791244507 0.000386172003345564 0.7120205760002136 
vn 0.49582570791244507 0.000386172003345564 0.7120205760002136 
vn 0.49582570791244507 0.000386172003345564 0.7120205760002136 
vn 0.2966650128364563 0.00045687612146139145 0.815357506275177 
vn 0.2966650128364563 0.00045687612146139145 0.815357506275177 
vn 0.2966650128364563 0.00045687612146139145 0.815357506275177 
vn 0.2966650128364563 0.00045687612146139145 0.815357506275177 
vn 0.6119396090507507 -0.06273289024829865 0.6118903160095215 
vn 0.6119396090507507 -0.06273289024829865 0.6118903160095215 
vn 0.6119396090507507 -0.06273289024829865 0.6118903160095215 
vn 0.6119396090507507 -0.06273289024829865 0.6118903160095215 
vn -0.36506736278533936 0.03620076924562454 0.7862780094146729 
vn -0.36506736278533936 0.03620076924562454 0.7862780094146729 
vn -0.36506736278533936 0.03620076924562454 0.7862780094146729 
vn -0.36506736278533936 0.03620076924562454 0.7862780094146729 
vn -0.07817772030830383 0.007951735518872738 0.8640857338905334 
vn -0.07817772030830383 0.007951735518872738 0.8640857338905334 
vn -0.07817772030830383 0.007951735518872738 0.8640857338905334 
vn -0.07817772030830383 0.007951735518872738 0.8640857338905334 
vn -0.44098514318466187 -0.0011827355483546853 0.7472268342971802 
vn -0.44098514318466187 -0.0011827355483546853 0.7472268342971802 
vn -0.44098514318466187 -0.0011827355483546853 0.7472268342971802 
vn -0.44098514318466187 -0.0011827355483546853 0.7472268342971802 
vn -0.8532273769378662 0.0008019899833016098 -0.15752379596233368 
vn -0.8532273769378662 0.0008019899833016098 -0.15752379596233368 
vn -0.8532273769378662 0.0008019899833016098 -0.15752379596233368 
vn -0.8532273769378662 0.0008019899833016098 -0.15752379596233368 
vn -0.8557124137878418 0.00014741260383743793 0.1434144526720047 
vn -0.8557124137878418 0.00014741260383743793 0.1434144526720047 
vn -0.8557124137878418 0.00014741260383743793 0.1434144526720047 
vn -0.8557124137878418 0.00014741260383743793 0.1434144526720047 
vn 0.0015838462859392166 -0.0010869744000956416 0.867649495601654 
vn 0.0015838462859392166 -0.0010869744000956416 0.867649495601654 
vn 0.0015838462859392166 -0.0010869744000956416 0.867649495601654 
vn 0.0015838462859392166 -0.0010869744000956416 0.867649495601654 
vn -0.14972275495529175 0.003257296048104763 0.8546294569969177 
vn -0.14972275495529175 0.003257296048104763 0.8546294569969177 
vn -0.14972275495529175 0.003257296048104763 0.8546294569969177 
vn -0.14972275495529175 0.003257296048104763 0.8546294569969177 
vn 0.4965137839317322 -0.01861638016998768 0.7112974524497986 
vn 0.4965137839317322 -0.01861638016998768 0.7112974524497986 
vn 0.4965137839317322 -0.01861638016998768 0.7112974524497986 
vn 0.4965137839317322 -0.01861638016998768 0.7112974524497986 
vn -0.5571846961975098 0.01952056773006916 0.6648159027099609 
vn -0.5571846961975098 0.01952056773006916 0.6648159027099609 
vn -0.5571846961975098 0.01952056773006916 0.6648159027099609 
vn -0.5571846961975098 0.01952056773006916 0.6648159027099609 
vn 0.6126163601875305 -0.020557066425681114 0.6140796542167664 
vn 0.6126163601875305 -0.020557066425681114 0.6140796542167664 
vn 0.6126163601875305 -0.020557066425681114 0.6140796542167664 
vn 0.6126163601875305 -0.020557066425681114 0.6140796542167664 
vn 0.0015838462859392166 -0.0010869744000956416 0.867649495601654 
vn 0.0015838462859392166 -0.0010869744000956416 0.867649495601654 
vn 0.0015838462859392166 -0.0010869744000956416 0.867649495601654 
vn 0.0015838462859392166 -0.0010869744000956416 0.867649495601654 
vn 0.49582570791244507 0.000386172003345564 0.7120205760002136 
vn 0.49582570791244507 0.000386172003345564 0.7120205760002136 
vn 0.49582570791244507 0.000386172003345564 0.7120205760002136 
vn 0.49582570791244507 0.000386172003345564 0.7120205760002136 
vn -0.4310999810695648 0.0003408787597436458 0.7529740929603577 
vn -0.4310999810695648 0.0003408787597436458 0.7529740929603577 
vn -0.4310999810695648 0.0003408787597436458 0.7529740929603577 
vn -0.4310999810695648 0.0003408787597436458 0.7529740929603577 
vn -0.1483292132616043 -0.0007044944213703275 0.854878306388855 
vn -0.1483292132616043 -0.0007044944213703275 0.854878306388855 
vn -0.1483292132616043 -0.0007044944213703275 0.854878306388855 
vn -0.1483292132616043 -0.0007044944213703275 0.854878306388855 
vn 0.49582570791244507 0.000386172003345564 0.7120205760002136 
vn 0.49582570791244507 0.000386172003345564 0.7120205760002136 
vn 0.49582570791244507 0.000386172003345564 0.7120205760002136 
vn 0.49582570791244507 0.000386172003345564 0.7120205760002136 
vn 0.0015838462859392166 -0.0010869744000956416 0.867649495601654 
vn 0.0015838462859392166 -0.0010869744000956416 0.867649495601654 
vn 0.0015838462859392166 -0.0010869744000956416 0.867649495601654 
vn 0.0015838462859392166 -0.0010869744000956416 0.867649495601654 
vn -0.1483292132616043 -0.0007044944213703275 0.854878306388855 
vn -0.1483292132616043 -0.0007044944213703275 0.854878306388855 
vn -0.1483292132616043 -0.0007044944213703275 0.854878306388855 
vn -0.1483292132616043 -0.0007044944213703275 0.854878306388855 
vn 0.49582570791244507 0.000386172003345564 0.7120205760002136 
vn 0.49582570791244507 0.000386172003345564 0.7120205760002136 
vn 0.49582570791244507 0.000386172003345564 0.7120205760002136 
vn 0.49582570791244507 0.000386172003345564 0.7120205760002136 
vn -0.5554621815681458 -0.0005902001284994185 0.6665413975715637 
vn -0.5554621815681458 -0.0005902001284994185 0.6665413975715637 
vn -0.5554621815681458 -0.0005902001284994185 0.6665413975715637 
vn -0.5554621815681458 -0.0005902001284994185 0.6665413975715637 
vn 0.6121071577072144 -0.0014500666875392199 0.61492919921875 
vn 0.6121071577072144 -0.0014500666875392199 0.61492919921875 
vn 0.6121071577072144 -0.0014500666875392199 0.61492919921875 
vn 0.6121071577072144 -0.0014500666875392199 0.61492919921875 
vn 0.02410946972668171 0.2774686813354492 0.8217352032661438 
vn 0.02410946972668171 0.2774686813354492 0.8217352032661438 
vn 0.02410946972668171 0.2774686813354492 0.8217352032661438 
vn 0.02410946972668171 0.2774686813354492 0.8217352032661438 
vn 0.5140576362609863 0.18490637838840485 0.6740701794624329 
vn 0.5140576362609863 0.18490637838840485 0.6740701794624329 
vn 0.5140576362609863 0.18490637838840485 0.6740701794624329 
vn 0.5140576362609863 0.18490637838840485 0.6740701794624329 
vn -0.41154906153678894 0.27552083134651184 0.7124133110046387 
vn -0.41154906153678894 0.27552083134651184 0.7124133110046387 
vn -0.41154906153678894 0.27552083134651184 0.7124133110046387 
vn -0.41154906153678894 0.27552083134651184 0.7124133110046387 
vn -0.18937218189239502 -0.2617778778076172 0.8052513003349304 
vn -0.18937218189239502 -0.2617778778076172 0.8052513003349304 
vn -0.18937218189239502 -0.2617778778076172 0.8052513003349304 
vn -0.18937218189239502 -0.2617778778076172 0.8052513003349304 
vn 0.45826852321624756 -0.3074190318584442 0.6695525646209717 
vn 0.45826852321624756 -0.3074190318584442 0.6695525646209717 
vn 0.45826852321624756 -0.3074190318584442 0.6695525646209717 
vn 0.45826852321624756 -0.3074190318584442 0.6695525646209717 
vn 0.023570191115140915 -0.3382612466812134 0.7986509799957275 
vn 0.023570191115140915 -0.3382612466812134 0.7986509799957275 
vn 0.023570191115140915 -0.3382612466812134 0.7986509799957275 
vn 0.023570191115140915 -0.3382612466812134 0.7986509799957275 
vn -0.1304999738931656 -0.3423159122467041 0.7865170240402222 
vn -0.1304999738931656 -0.3423159122467041 0.7865170240402222 
vn -0.1304999738931656 -0.3423159122467041 0.7865170240402222 
vn -0.1304999738931656 -0.3423159122467041 0.7865170240402222 
vn 0.512725293636322 -0.2459571361541748 0.6553124189376831 
vn 0.512725293636322 -0.2459571361541748 0.6553124189376831 
vn 0.512725293636322 -0.2459571361541748 0.6553124189376831 
vn 0.512725293636322 -0.2459571361541748 0.6553124189376831 
vn -0.5397021770477295 -0.29678675532341003 0.6111101508140564 
vn -0.5397021770477295 -0.29678675532341003 0.6111101508140564 
vn -0.5397021770477295 -0.29678675532341003 0.6111101508140564 
vn -0.5397021770477295 -0.29678675532341003 0.6111101508140564 
vn 0.6266041994094849 -0.2029390186071396 0.5647990703582764 
vn 0.6266041994094849 -0.2029390186071396 0.5647990703582764 
vn 0.6266041994094849 -0.2029390186071396 0.5647990703582764 
vn 0.6266041994094849 -0.2029390186071396 0.5647990703582764 
vn 0.021751495078206062 -0.31002703309059143 0.8100800514221191 
vn 0.021751495078206062 -0.31002703309059143 0.8100800514221191 
vn 0.021751495078206062 -0.31002703309059143 0.8100800514221191 
vn 0.021751495078206062 -0.31002703309059143 0.8100800514221191 
vn -0.13063064217567444 -0.31426820158958435 0.7981168627738953 
vn -0.13063064217567444 -0.31426820158958435 0.7981168627738953 
vn -0.13063064217567444 -0.31426820158958435 0.7981168627738953 
vn -0.13063064217567444 -0.31426820158958435 0.7981168627738953 
vn 0.5140920877456665 -0.21705250442028046 0.6643899083137512 
vn 0.5140920877456665 -0.21705250442028046 0.6643899083137512 
vn 0.5140920877456665 -0.21705250442028046 0.6643899083137512 
vn 0.5140920877456665 -0.21705250442028046 0.6643899083137512 
vn -0.5400915741920471 -0.27603355050086975 0.6204216480255127 
vn -0.5400915741920471 -0.27603355050086975 0.6204216480255127 
vn -0.5400915741920471 -0.27603355050086975 0.6204216480255127 
vn -0.5400915741920471 -0.27603355050086975 0.6204216480255127 
vn 0.6269278526306152 -0.17403574287891388 0.5740105509757996 
vn 0.6269278526306152 -0.17403574287891388 0.5740105509757996 
vn 0.6269278526306152 -0.17403574287891388 0.5740105509757996 
vn 0.6269278526306152 -0.17403574287891388 0.5740105509757996 
vn -0.006134202238172293 -0.21480399370193481 0.8406195044517517 
vn -0.006134202238172293 -0.21480399370193481 0.8406195044517517 
vn -0.006134202238172293 -0.21480399370193481 0.8406195044517517 
vn -0.006134202238172293 -0.21480399370193481 0.8406195044517517 
vn 0.4920080602169037 -0.18444673717021942 0.6904521584510803 
vn 0.4920080602169037 -0.18444673717021942 0.6904521584510803 
vn 0.4920080602169037 -0.18444673717021942 0.6904521584510803 
vn 0.4920080602169037 -0.18444673717021942 0.6904521584510803 
vn -0.43561074137687683 -0.17697098851203918 0.7292064428329468 
vn -0.43561074137687683 -0.17697098851203918 0.7292064428329468 
vn -0.43561074137687683 -0.17697098851203918 0.7292064428329468 
vn -0.43561074137687683 -0.17697098851203918 0.7292064428329468 
vn 0.008549066260457039 0.197982519865036 0.8447182178497314 
vn 0.008549066260457039 0.197982519865036 0.8447182178497314 
vn 0.008549066260457039 0.197982519865036 0.8447182178497314 
vn 0.008549066260457039 0.197982519865036 0.8447182178497314 
vn 0.5039927363395691 0.1442800909280777 0.6913689374923706 
vn 0.5039927363395691 0.1442800909280777 0.6913689374923706 
vn 0.5039927363395691 0.1442800909280777 0.6913689374923706 
vn 0.5039927363395691 0.1442800909280777 0.6913689374923706 
vn -0.4246619641780853 0.18968231976032257 0.7324615716934204 
vn -0.4246619641780853 0.18968231976032257 0.7324615716934204 
vn -0.4246619641780853 0.18968231976032257 0.7324615716934204 
vn -0.4246619641780853 0.18968231976032257 0.7324615716934204 
vn -0.14816215634346008 0.0945100337266922 0.8496674299240112 
vn -0.14816215634346008 0.0945100337266922 0.8496674299240112 
vn -0.14816215634346008 0.0945100337266922 0.8496674299240112 
vn -0.14816215634346008 0.0945100337266922 0.8496674299240112 
vn 0.5008596181869507 0.04732820764183998 0.7069060802459717 
vn 0.5008596181869507 0.04732820764183998 0.7069060802459717 
vn 0.5008596181869507 0.04732820764183998 0.7069060802459717 
vn 0.5008596181869507 0.04732820764183998 0.7069060802459717 
vn 0.4330216944217682 -0.0014826873084530234 0.7518691420555115 
vn 0.4330216944217682 -0.0014826873084530234 0.7518691420555115 
vn 0.4330216944217682 -0.0014826873084530234 0.7518691420555115 
vn 0.4330216944217682 -0.0014826873084530234 0.7518691420555115 
vn -0.3656822443008423 0.0015872978838160634 0.7868238687515259 
vn -0.3656822443008423 0.0015872978838160634 0.7868238687515259 
vn -0.3656822443008423 0.0015872978838160634 0.7868238687515259 
vn -0.3656822443008423 0.0015872978838160634 0.7868238687515259 
vn -0.3656822443008423 0.0015872978838160634 0.7868238687515259 
vn -0.3656822443008423 0.0015872978838160634 0.7868238687515259 
vn -0.3656822443008423 0.0015872978838160634 0.7868238687515259 
vn -0.3656822443008423 0.0015872978838160634 0.7868238687515259 
vn 0.2966650128364563 0.00045687612146139145 0.815357506275177 
vn 0.2966650128364563 0.00045687612146139145 0.815357506275177 
vn 0.2966650128364563 0.00045687612146139145 0.815357506275177 
vn 0.2966650128364563 0.00045687612146139145 0.815357506275177 
vn -0.29804155230522156 0.000673739006742835 0.8148552775382996 
vn -0.29804155230522156 0.000673739006742835 0.8148552775382996 
vn -0.29804155230522156 0.000673739006742835 0.8148552775382996 
vn -0.29804155230522156 0.000673739006742835 0.8148552775382996 
vn 0.2966650128364563 0.00045687612146139145 0.815357506275177 
vn 0.2966650128364563 0.00045687612146139145 0.815357506275177 
vn 0.2966650128364563 0.00045687612146139145 0.815357506275177 
vn 0.2966650128364563 0.00045687612146139145 0.815357506275177 
vn -0.3720743954181671 -0.19021549820899963 0.760392427444458 
vn -0.3720743954181671 -0.19021549820899963 0.760392427444458 
vn -0.3720743954181671 -0.19021549820899963 0.760392427444458 
vn -0.3720743954181671 -0.19021549820899963 0.760392427444458 
vn 0.43188759684562683 -0.19680660963058472 0.7263315916061401 
vn 0.43188759684562683 -0.19680660963058472 0.7263315916061401 
vn 0.43188759684562683 -0.19680660963058472 0.7263315916061401 
vn 0.43188759684562683 -0.19680660963058472 0.7263315916061401 
vn 0.22055481374263763 -0.21321173012256622 0.8116127252578735 
vn 0.22055481374263763 -0.21321173012256622 0.8116127252578735 
vn 0.22055481374263763 -0.21321173012256622 0.8116127252578735 
vn 0.22055481374263763 -0.21321173012256622 0.8116127252578735 
vn -0.43610695004463196 -0.1842396855354309 0.7271065711975098 
vn -0.43610695004463196 -0.1842396855354309 0.7271065711975098 
vn -0.43610695004463196 -0.1842396855354309 0.7271065711975098 
vn -0.43610695004463196 -0.1842396855354309 0.7271065711975098 
vn -0.3720743954181671 -0.19021549820899963 0.760392427444458 
vn -0.3720743954181671 -0.19021549820899963 0.760392427444458 
vn -0.3720743954181671 -0.19021549820899963 0.760392427444458 
vn -0.3720743954181671 -0.19021549820899963 0.760392427444458 
vn -0.006321614142507315 -0.21847018599510193 0.8396727442741394 
vn -0.006321614142507315 -0.21847018599510193 0.8396727442741394 
vn -0.006321614142507315 -0.21847018599510193 0.8396727442741394 
vn -0.006321614142507315 -0.21847018599510193 0.8396727442741394 
vn 0.49278146028518677 -0.18798121809959412 0.6889457106590271 
vn 0.49278146028518677 -0.18798121809959412 0.6889457106590271 
vn 0.49278146028518677 -0.18798121809959412 0.6889457106590271 
vn 0.49278146028518677 -0.18798121809959412 0.6889457106590271 
vn 0.43188759684562683 -0.19680660963058472 0.7263315916061401 
vn 0.43188759684562683 -0.19680660963058472 0.7263315916061401 
vn 0.43188759684562683 -0.19680660963058472 0.7263315916061401 
vn 0.43188759684562683 -0.19680660963058472 0.7263315916061401 
vn -0.3656822443008423 0.0015872978838160634 0.7868238687515259 
vn -0.3656822443008423 0.0015872978838160634 0.7868238687515259 
vn -0.3656822443008423 0.0015872978838160634 0.7868238687515259 
vn -0.3656822443008423 0.0015872978838160634 0.7868238687515259 
vn 0.2966650128364563 0.00045687612146139145 0.815357506275177 
vn 0.2966650128364563 0.00045687612146139145 0.815357506275177 
vn 0.2966650128364563 0.00045687612146139145 0.815357506275177 
vn 0.2966650128364563 0.00045687612146139145 0.815357506275177 
vn -0.29804155230522156 0.000673739006742835 0.8148552775382996 
vn -0.29804155230522156 0.000673739006742835 0.8148552775382996 
vn -0.29804155230522156 0.000673739006742835 0.8148552775382996 
vn -0.29804155230522156 0.000673739006742835 0.8148552775382996 
vn 0.2966650128364563 0.00045687612146139145 0.815357506275177 
vn 0.2966650128364563 0.00045687612146139145 0.815357506275177 
vn 0.2966650128364563 0.00045687612146139145 0.815357506275177 
vn 0.2966650128364563 0.00045687612146139145 0.815357506275177 
vn -0.19158095121383667 0.00046975226723589003 0.846235990524292 
vn -0.19158095121383667 0.00046975226723589003 0.846235990524292 
vn -0.19158095121383667 0.00046975226723589003 0.846235990524292 
vn -0.19158095121383667 0.00046975226723589003 0.846235990524292 
vn -0.6929492950439453 0.0016622069524601102 0.5221423506736755 
vn -0.6929492950439453 0.0016622069524601102 0.5221423506736755 
vn -0.6929492950439453 0.0016622069524601102 0.5221423506736755 
vn -0.6929492950439453 0.0016622069524601102 0.5221423506736755 
vn -0.5602205395698547 -0.0013931740541011095 -0.6625458002090454 
vn -0.5602205395698547 -0.0013931740541011095 -0.6625458002090454 
vn -0.5602205395698547 -0.0013931740541011095 -0.6625458002090454 
vn -0.5602205395698547 -0.0013931740541011095 -0.6625458002090454 
vn -0.8642877340316772 -0.000804855371825397 -0.0762714296579361 
vn -0.8642877340316772 -0.000804855371825397 -0.0762714296579361 
vn -0.8642877340316772 -0.000804855371825397 -0.0762714296579361 
vn -0.8642877340316772 -0.000804855371825397 -0.0762714296579361 
vn -0.6166526079177856 0.00022642032126896083 -0.6103725433349609 
vn -0.6166526079177856 0.00022642032126896083 -0.6103725433349609 
vn -0.6166526079177856 0.00022642032126896083 -0.6103725433349609 
vn -0.6166526079177856 0.00022642032126896083 -0.6103725433349609 
vn -0.8642877340316772 -0.000804855371825397 -0.0762714296579361 
vn -0.8642877340316772 -0.000804855371825397 -0.0762714296579361 
vn -0.8642877340316772 -0.000804855371825397 -0.0762714296579361 
vn -0.8642877340316772 -0.000804855371825397 -0.0762714296579361 
vn -0.750012218952179 0.19392313063144684 0.39075377583503723 
vn -0.750012218952179 0.19392313063144684 0.39075377583503723 
vn -0.750012218952179 0.19392313063144684 0.39075377583503723 
vn -0.750012218952179 0.19392313063144684 0.39075377583503723 
vn -0.2408134490251541 0.16757230460643768 0.8165457248687744 
vn -0.2408134490251541 0.16757230460643768 0.8165457248687744 
vn -0.2408134490251541 0.16757230460643768 0.8165457248687744 
vn -0.2408134490251541 0.16757230460643768 0.8165457248687744 
vn -0.7091546654701233 0.19613565504550934 0.45983055233955383 
vn -0.7091546654701233 0.19613565504550934 0.45983055233955383 
vn -0.7091546654701233 0.19613565504550934 0.45983055233955383 
vn -0.7091546654701233 0.19613565504550934 0.45983055233955383 
vn -0.2408134490251541 0.16757230460643768 0.8165457248687744 
vn -0.2408134490251541 0.16757230460643768 0.8165457248687744 
vn -0.2408134490251541 0.16757230460643768 0.8165457248687744 
vn -0.2408134490251541 0.16757230460643768 0.8165457248687744 
vn -0.7598291635513306 0.1482248306274414 0.39179331064224243 
vn -0.7598291635513306 0.1482248306274414 0.39179331064224243 
vn -0.7598291635513306 0.1482248306274414 0.39179331064224243 
vn -0.7598291635513306 0.1482248306274414 0.39179331064224243 
vn -0.24807509779930115 0.14970532059669495 0.8178419470787048 
vn -0.24807509779930115 0.14970532059669495 0.8178419470787048 
vn -0.24807509779930115 0.14970532059669495 0.8178419470787048 
vn -0.24807509779930115 0.14970532059669495 0.8178419470787048 
vn -0.7210959792137146 0.15190021693706512 0.45799607038497925 
vn -0.7210959792137146 0.15190021693706512 0.45799607038497925 
vn -0.7210959792137146 0.15190021693706512 0.45799607038497925 
vn -0.7210959792137146 0.15190021693706512 0.45799607038497925 
vn -0.24807509779930115 0.14970532059669495 0.8178419470787048 
vn -0.24807509779930115 0.14970532059669495 0.8178419470787048 
vn -0.24807509779930115 0.14970532059669495 0.8178419470787048 
vn -0.24807509779930115 0.14970532059669495 0.8178419470787048 
vn 0.40452802181243896 0.35622867941856384 0.6799083948135376 
vn 0.40452802181243896 0.35622867941856384 0.6799083948135376 
vn 0.40452802181243896 0.35622867941856384 0.6799083948135376 
vn 0.40452802181243896 0.35622867941856384 0.6799083948135376 
vn -0.3952854573726654 0.30574676394462585 0.7092851996421814 
vn -0.3952854573726654 0.30574676394462585 0.7092851996421814 
vn -0.3952854573726654 0.30574676394462585 0.7092851996421814 
vn -0.3952854573726654 0.30574676394462585 0.7092851996421814 
vn -0.3952854573726654 0.30574676394462585 0.7092851996421814 
vn -0.3952854573726654 0.30574676394462585 0.7092851996421814 
vn -0.3952854573726654 0.30574676394462585 0.7092851996421814 
vn -0.3952854573726654 0.30574676394462585 0.7092851996421814 
vn 0.2648002505302429 0.3715705871582031 0.7379934191703796 
vn 0.2648002505302429 0.3715705871582031 0.7379934191703796 
vn 0.2648002505302429 0.3715705871582031 0.7379934191703796 
vn 0.2648002505302429 0.3715705871582031 0.7379934191703796 
vn -0.3253325819969177 0.32261115312576294 0.7368164658546448 
vn -0.3253325819969177 0.32261115312576294 0.7368164658546448 
vn -0.3253325819969177 0.32261115312576294 0.7368164658546448 
vn -0.3253325819969177 0.32261115312576294 0.7368164658546448 
vn 0.2648002505302429 0.3715705871582031 0.7379934191703796 
vn 0.2648002505302429 0.3715705871582031 0.7379934191703796 
vn 0.2648002505302429 0.3715705871582031 0.7379934191703796 
vn 0.2648002505302429 0.3715705871582031 0.7379934191703796 
vn -0.2932095527648926 0.34157341718673706 0.7417369484901428 
vn -0.2932095527648926 0.34157341718673706 0.7417369484901428 
vn -0.2932095527648926 0.34157341718673706 0.7417369484901428 
vn -0.2932095527648926 0.34157341718673706 0.7417369484901428 
vn 0.35099613666534424 0.19417044520378113 0.7693616151809692 
vn 0.35099613666534424 0.19417044520378113 0.7693616151809692 
vn 0.35099613666534424 0.19417044520378113 0.7693616151809692 
vn 0.35099613666534424 0.19417044520378113 0.7693616151809692 
vn -0.22323207557201385 0.33572158217430115 0.7682946920394897 
vn -0.22323207557201385 0.33572158217430115 0.7682946920394897 
vn -0.22323207557201385 0.33572158217430115 0.7682946920394897 
vn -0.22323207557201385 0.33572158217430115 0.7682946920394897 
vn 0.35099613666534424 0.19417044520378113 0.7693616151809692 
vn 0.35099613666534424 0.19417044520378113 0.7693616151809692 
vn 0.35099613666534424 0.19417044520378113 0.7693616151809692 
vn 0.35099613666534424 0.19417044520378113 0.7693616151809692 
vn 0.35179850459098816 0.17547863721847534 0.7734745144844055 
vn 0.35179850459098816 0.17547863721847534 0.7734745144844055 
vn 0.35179850459098816 0.17547863721847534 0.7734745144844055 
vn 0.35179850459098816 0.17547863721847534 0.7734745144844055 
vn -0.23013782501220703 0.318729430437088 0.7734768390655518 
vn -0.23013782501220703 0.318729430437088 0.7734768390655518 
vn -0.23013782501220703 0.318729430437088 0.7734768390655518 
vn -0.23013782501220703 0.318729430437088 0.7734768390655518 
vn 0.5663825869560242 -0.08869053423404694 0.6512761116027832 
vn 0.5663825869560242 -0.08869053423404694 0.6512761116027832 
vn 0.5663825869560242 -0.08869053423404694 0.6512761116027832 
vn 0.5663825869560242 -0.08869053423404694 0.6512761116027832 
vn -0.10409169644117355 -0.5268537998199463 0.6814759969711304 
vn -0.10409169644117355 -0.5268537998199463 0.6814759969711304 
vn -0.10409169644117355 -0.5268537998199463 0.6814759969711304 
vn -0.10409169644117355 -0.5268537998199463 0.6814759969711304 
vn -0.10409169644117355 -0.5268537998199463 0.6814759969711304 
vn -0.10409169644117355 -0.5268537998199463 0.6814759969711304 
vn -0.10409169644117355 -0.5268537998199463 0.6814759969711304 
vn -0.10409169644117355 -0.5268537998199463 0.6814759969711304 
vn 0.4701983332633972 -0.18784618377685547 0.7045880556106567 
vn 0.4701983332633972 -0.18784618377685547 0.7045880556106567 
vn 0.4701983332633972 -0.18784618377685547 0.7045880556106567 
vn 0.4701983332633972 -0.18784618377685547 0.7045880556106567 
vn -0.03250429034233093 -0.5042613744735718 0.705325186252594 
vn -0.03250429034233093 -0.5042613744735718 0.705325186252594 
vn -0.03250429034233093 -0.5042613744735718 0.705325186252594 
vn -0.03250429034233093 -0.5042613744735718 0.705325186252594 
vn 0.4701983332633972 -0.18784618377685547 0.7045880556106567 
vn 0.4701983332633972 -0.18784618377685547 0.7045880556106567 
vn 0.4701983332633972 -0.18784618377685547 0.7045880556106567 
vn 0.4701983332633972 -0.18784618377685547 0.7045880556106567 
vn -0.3750876784324646 -0.1337892711162567 0.7708615660667419 
vn -0.3750876784324646 -0.1337892711162567 0.7708615660667419 
vn -0.3750876784324646 -0.1337892711162567 0.7708615660667419 
vn -0.3750876784324646 -0.1337892711162567 0.7708615660667419 
vn 0.2864713966846466 -0.17703115940093994 0.7996327877044678 
vn 0.2864713966846466 -0.17703115940093994 0.7996327877044678 
vn 0.2864713966846466 -0.17703115940093994 0.7996327877044678 
vn 0.2864713966846466 -0.17703115940093994 0.7996327877044678 
vn -0.3028022050857544 -0.14300166070461273 0.8004248142242432 
vn -0.3028022050857544 -0.14300166070461273 0.8004248142242432 
vn -0.3028022050857544 -0.14300166070461273 0.8004248142242432 
vn -0.3028022050857544 -0.14300166070461273 0.8004248142242432 
vn 0.2864713966846466 -0.17703115940093994 0.7996327877044678 
vn 0.2864713966846466 -0.17703115940093994 0.7996327877044678 
vn 0.2864713966846466 -0.17703115940093994 0.7996327877044678 
vn 0.2864713966846466 -0.17703115940093994 0.7996327877044678 
vn -0.2677075266838074 -0.36745113134384155 0.7390068769454956 
vn -0.2677075266838074 -0.36745113134384155 0.7390068769454956 
vn -0.2677075266838074 -0.36745113134384155 0.7390068769454956 
vn -0.2677075266838074 -0.36745113134384155 0.7390068769454956 
vn 0.3663291931152344 -0.17832711338996887 0.7660419344902039 
vn 0.3663291931152344 -0.17832711338996887 0.7660419344902039 
vn 0.3663291931152344 -0.17832711338996887 0.7660419344902039 
vn 0.3663291931152344 -0.17832711338996887 0.7660419344902039 
vn -0.1989476978778839 -0.3559269607067108 0.7658687829971313 
vn -0.1989476978778839 -0.3559269607067108 0.7658687829971313 
vn -0.1989476978778839 -0.3559269607067108 0.7658687829971313 
vn -0.1989476978778839 -0.3559269607067108 0.7658687829971313 
vn 0.3663291931152344 -0.17832711338996887 0.7660419344902039 
vn 0.3663291931152344 -0.17832711338996887 0.7660419344902039 
vn 0.3663291931152344 -0.17832711338996887 0.7660419344902039 
vn 0.3663291931152344 -0.17832711338996887 0.7660419344902039 
vn -0.31831881403923035 -0.05712077394127846 0.8051264882087708 
vn -0.31831881403923035 -0.05712077394127846 0.8051264882087708 
vn -0.31831881403923035 -0.05712077394127846 0.8051264882087708 
vn -0.31831881403923035 -0.05712077394127846 0.8051264882087708 
vn 0.34305086731910706 -0.00364563032053411 0.7969446778297424 
vn 0.34305086731910706 -0.00364563032053411 0.7969446778297424 
vn 0.34305086731910706 -0.00364563032053411 0.7969446778297424 
vn 0.34305086731910706 -0.00364563032053411 0.7969446778297424 
vn -0.24841655790805817 -0.05297469347715378 0.8296394348144531 
vn -0.24841655790805817 -0.05297469347715378 0.8296394348144531 
vn -0.24841655790805817 -0.05297469347715378 0.8296394348144531 
vn -0.24841655790805817 -0.05297469347715378 0.8296394348144531 
vn 0.34305086731910706 -0.00364563032053411 0.7969446778297424 
vn 0.34305086731910706 -0.00364563032053411 0.7969446778297424 
vn 0.34305086731910706 -0.00364563032053411 0.7969446778297424 
vn 0.34305086731910706 -0.00364563032053411 0.7969446778297424 
vn 0.035376790910959244 -0.20436741411685944 -0.8424971103668213 
vn 0.035376790910959244 -0.20436741411685944 -0.8424971103668213 
vn 0.035376790910959244 -0.20436741411685944 -0.8424971103668213 
vn 0.035376790910959244 -0.20436741411685944 -0.8424971103668213 
vn 0.5757185220718384 -0.255056232213974 -0.5969170331954956 
vn 0.5757185220718384 -0.255056232213974 -0.5969170331954956 
vn 0.5757185220718384 -0.255056232213974 -0.5969170331954956 
vn 0.5757185220718384 -0.255056232213974 -0.5969170331954956 
vn 0.35699260234832764 -0.30545774102211 0.7294312119483948 
vn 0.35699260234832764 -0.30545774102211 0.7294312119483948 
vn 0.35699260234832764 -0.30545774102211 0.7294312119483948 
vn 0.35699260234832764 -0.30545774102211 0.7294312119483948 
vn -0.40514981746673584 -0.07082076370716095 0.763973593711853 
vn -0.40514981746673584 -0.07082076370716095 0.763973593711853 
vn -0.40514981746673584 -0.07082076370716095 0.763973593711853 
vn -0.40514981746673584 -0.07082076370716095 0.763973593711853 
vn -0.40514981746673584 -0.07082076370716095 0.763973593711853 
vn -0.40514981746673584 -0.07082076370716095 0.763973593711853 
vn -0.40514981746673584 -0.07082076370716095 0.763973593711853 
vn -0.40514981746673584 -0.07082076370716095 0.763973593711853 
vn 0.22526323795318604 -0.27833566069602966 0.7903193235397339 
vn 0.22526323795318604 -0.27833566069602966 0.7903193235397339 
vn 0.22526323795318604 -0.27833566069602966 0.7903193235397339 
vn 0.22526323795318604 -0.27833566069602966 0.7903193235397339 
vn -0.34469714760780334 -0.09805238991975784 0.7901820540428162 
vn -0.34469714760780334 -0.09805238991975784 0.7901820540428162 
vn -0.34469714760780334 -0.09805238991975784 0.7901820540428162 
vn -0.34469714760780334 -0.09805238991975784 0.7901820540428162 
vn 0.22526323795318604 -0.27833566069602966 0.7903193235397339 
vn 0.22526323795318604 -0.27833566069602966 0.7903193235397339 
vn 0.22526323795318604 -0.27833566069602966 0.7903193235397339 
vn 0.22526323795318604 -0.27833566069602966 0.7903193235397339 
vn -0.37023597955703735 -0.024438846856355667 0.78431236743927 
vn -0.37023597955703735 -0.024438846856355667 0.78431236743927 
vn -0.37023597955703735 -0.024438846856355667 0.78431236743927 
vn -0.37023597955703735 -0.024438846856355667 0.78431236743927 
vn 0.29721030592918396 -0.05261345952749252 0.8134593963623047 
vn 0.29721030592918396 -0.05261345952749252 0.8134593963623047 
vn 0.29721030592918396 -0.05261345952749252 0.8134593963623047 
vn 0.29721030592918396 -0.05261345952749252 0.8134593963623047 
vn -0.2952847480773926 -0.030450666323304176 0.8152901530265808 
vn -0.2952847480773926 -0.030450666323304176 0.8152901530265808 
vn -0.2952847480773926 -0.030450666323304176 0.8152901530265808 
vn -0.2952847480773926 -0.030450666323304176 0.8152901530265808 
vn 0.29721030592918396 -0.05261345952749252 0.8134593963623047 
vn 0.29721030592918396 -0.05261345952749252 0.8134593963623047 
vn 0.29721030592918396 -0.05261345952749252 0.8134593963623047 
vn 0.29721030592918396 -0.05261345952749252 0.8134593963623047 
vn 0.23843209445476532 -0.20521987974643707 0.8086122274398804 
vn 0.23843209445476532 -0.20521987974643707 0.8086122274398804 
vn 0.23843209445476532 -0.20521987974643707 0.8086122274398804 
vn 0.23843209445476532 -0.20521987974643707 0.8086122274398804 
vn -0.3195785880088806 -0.003276223549619317 0.8066455125808716 
vn -0.3195785880088806 -0.003276223549619317 0.8066455125808716 
vn -0.3195785880088806 -0.003276223549619317 0.8066455125808716 
vn -0.3195785880088806 -0.003276223549619317 0.8066455125808716 
vn 0.534676194190979 -0.0001004139703582041 0.6833282709121704 
vn 0.534676194190979 -0.0001004139703582041 0.6833282709121704 
vn 0.534676194190979 -0.0001004139703582041 0.6833282709121704 
vn 0.534676194190979 -0.0001004139703582041 0.6833282709121704 
vn -0.522030234336853 0.0009078747825697064 0.6930367946624756 
vn -0.522030234336853 0.0009078747825697064 0.6930367946624756 
vn -0.522030234336853 0.0009078747825697064 0.6930367946624756 
vn -0.522030234336853 0.0009078747825697064 0.6930367946624756 
vn -0.3208790421485901 0.0007982495590113103 0.806135356426239 
vn -0.3208790421485901 0.0007982495590113103 0.806135356426239 
vn -0.3208790421485901 0.0007982495590113103 0.806135356426239 
vn -0.3208790421485901 0.0007982495590113103 0.806135356426239 
vn -0.3208790421485901 0.0007982495590113103 0.806135356426239 
vn 0.534676194190979 -0.0001004139703582041 0.6833282709121704 
vn 0.534676194190979 -0.0001004139703582041 0.6833282709121704 
vn 0.534676194190979 -0.0001004139703582041 0.6833282709121704 
vn 0.534676194190979 -0.0001004139703582041 0.6833282709121704 
vn 0.27194780111312866 -0.001013650093227625 0.8239307403564453 
vn 0.27194780111312866 -0.001013650093227625 0.8239307403564453 
vn 0.27194780111312866 -0.001013650093227625 0.8239307403564453 
vn 0.27194780111312866 -0.001013650093227625 0.8239307403564453 
vn -0.3208790421485901 0.0007982495590113103 0.806135356426239 
vn -0.3208790421485901 0.0007982495590113103 0.806135356426239 
vn -0.3208790421485901 0.0007982495590113103 0.806135356426239 
vn -0.3208790421485901 0.0007982495590113103 0.806135356426239 
vn 0.5920023322105408 0.00109674665145576 0.6343086957931519 
vn 0.5920023322105408 0.00109674665145576 0.6343086957931519 
vn 0.5920023322105408 0.00109674665145576 0.6343086957931519 
vn 0.5920023322105408 0.00109674665145576 0.6343086957931519 
vn -0.17888130247592926 -0.0010712224757298827 0.849010705947876 
vn -0.17888130247592926 -0.0010712224757298827 0.849010705947876 
vn -0.17888130247592926 -0.0010712224757298827 0.849010705947876 
vn -0.17888130247592926 -0.0010712224757298827 0.849010705947876 
vn 0.7324063777923584 -0.0410597063601017 0.46336644887924194 
vn 0.7324063777923584 -0.0410597063601017 0.46336644887924194 
vn 0.7324063777923584 -0.0410597063601017 0.46336644887924194 
vn 0.7324063777923584 -0.0410597063601017 0.46336644887924194 
vn 0.29653653502464294 -0.029918840155005455 0.8148553371429443 
vn 0.29653653502464294 -0.029918840155005455 0.8148553371429443 
vn 0.29653653502464294 -0.029918840155005455 0.8148553371429443 
vn 0.29653653502464294 -0.029918840155005455 0.8148553371429443 
vn 0.0015838462859392166 -0.0010869744000956416 0.867649495601654 
vn 0.0015838462859392166 -0.0010869744000956416 0.867649495601654 
vn 0.0015838462859392166 -0.0010869744000956416 0.867649495601654 
vn 0.0015838462859392166 -0.0010869744000956416 0.867649495601654 
vn -0.5544547438621521 0.05405682325363159 0.6651870012283325 
vn -0.5544547438621521 0.05405682325363159 0.6651870012283325 
vn -0.5544547438621521 0.05405682325363159 0.6651870012283325 
vn -0.5544547438621521 0.05405682325363159 0.6651870012283325 
vn 0.3668749928474426 -0.03566855192184448 0.7854605317115784 
vn 0.3668749928474426 -0.03566855192184448 0.7854605317115784 
vn 0.3668749928474426 -0.03566855192184448 0.7854605317115784 
vn 0.3668749928474426 -0.03566855192184448 0.7854605317115784 
vn -0.43088746070861816 0.042967669665813446 0.7518690228462219 
vn -0.43088746070861816 0.042967669665813446 0.7518690228462219 
vn -0.43088746070861816 0.042967669665813446 0.7518690228462219 
vn -0.43088746070861816 0.042967669665813446 0.7518690228462219 
vn 0.5421509146690369 -0.09748198091983795 0.6703624129295349 
vn 0.5421509146690369 -0.09748198091983795 0.6703624129295349 
vn 0.5421509146690369 -0.09748198091983795 0.6703624129295349 
vn 0.5421509146690369 -0.09748198091983795 0.6703624129295349 
vn 0.29663804173469543 0.06881581246852875 0.8124582767486572 
vn 0.29663804173469543 0.06881581246852875 0.8124582767486572 
vn 0.29663804173469543 0.06881581246852875 0.8124582767486572 
vn 0.29663804173469543 0.06881581246852875 0.8124582767486572 
vn -0.5003174543380737 0.06113843619823456 0.7062301635742188 
vn -0.5003174543380737 0.06113843619823456 0.7062301635742188 
vn -0.5003174543380737 0.06113843619823456 0.7062301635742188 
vn -0.5003174543380737 0.06113843619823456 0.7062301635742188 
vn 0.6568605899810791 0.007772766053676605 0.5668229460716248 
vn 0.6568605899810791 0.007772766053676605 0.5668229460716248 
vn 0.6568605899810791 0.007772766053676605 0.5668229460716248 
vn 0.6568605899810791 0.007772766053676605 0.5668229460716248 
vn -0.6852089166641235 0.20763352513313293 0.4900928735733032 
vn -0.6852089166641235 0.20763352513313293 0.4900928735733032 
vn -0.6852089166641235 0.20763352513313293 0.4900928735733032 
vn -0.6852089166641235 0.20763352513313293 0.4900928735733032 
vn -0.7844009399414062 0.21469646692276 -0.30237913131713867 
vn -0.7844009399414062 0.21469646692276 -0.30237913131713867 
vn -0.7844009399414062 0.21469646692276 -0.30237913131713867 
vn -0.7844009399414062 0.21469646692276 -0.30237913131713867 
vn -0.3698263466358185 0.07975087314844131 0.7808239459991455 
vn -0.3698263466358185 0.07975087314844131 0.7808239459991455 
vn -0.3698263466358185 0.07975087314844131 0.7808239459991455 
vn -0.3698263466358185 0.07975087314844131 0.7808239459991455 
vn 0.3761076033115387 0.06921417266130447 -0.7788262367248535 
vn 0.3761076033115387 0.06921417266130447 -0.7788262367248535 
vn 0.3761076033115387 0.06921417266130447 -0.7788262367248535 
vn 0.3761076033115387 0.06921417266130447 -0.7788262367248535 
vn 0.8544989228248596 0.06166161969304085 -0.13726216554641724 
vn 0.8544989228248596 0.06166161969304085 -0.13726216554641724 
vn 0.8544989228248596 0.06166161969304085 -0.13726216554641724 
vn 0.8544989228248596 0.06166161969304085 -0.13726216554641724 
vn -0.055357690900564194 0.0070798820815980434 -0.8658548593521118 
vn -0.055357690900564194 0.0070798820815980434 -0.8658548593521118 
vn -0.055357690900564194 0.0070798820815980434 -0.8658548593521118 
vn -0.055357690900564194 0.0070798820815980434 -0.8658548593521118 
vn 0.05604655295610428 0.1663082093000412 0.8497172594070435 
vn 0.05604655295610428 0.1663082093000412 0.8497172594070435 
vn 0.05604655295610428 0.1663082093000412 0.8497172594070435 
vn 0.05604655295610428 0.1663082093000412 0.8497172594070435 
vn -0.8157163262367249 0.15284857153892517 0.2530932128429413 
vn -0.8157163262367249 0.15284857153892517 0.2530932128429413 
vn -0.8157163262367249 0.15284857153892517 0.2530932128429413 
vn -0.8157163262367249 0.15284857153892517 0.2530932128429413 
vn -0.7169519066810608 0.18372373282909393 0.45281240344047546 
vn -0.7169519066810608 0.18372373282909393 0.45281240344047546 
vn -0.7169519066810608 0.18372373282909393 0.45281240344047546 
vn -0.7169519066810608 0.18372373282909393 0.45281240344047546 
vn -0.7169519066810608 0.18372373282909393 0.45281240344047546 
vn 0.05604655295610428 0.1663082093000412 0.8497172594070435 
vn 0.05604655295610428 0.1663082093000412 0.8497172594070435 
vn 0.05604655295610428 0.1663082093000412 0.8497172594070435 
vn 0.05604655295610428 0.1663082093000412 0.8497172594070435 
vn -0.24225077033042908 0.19808252155780792 0.8092566132545471 
vn -0.24225077033042908 0.19808252155780792 0.8092566132545471 
vn -0.24225077033042908 0.19808252155780792 0.8092566132545471 
vn -0.24225077033042908 0.19808252155780792 0.8092566132545471 
vn -0.7169519066810608 0.18372373282909393 0.45281240344047546 
vn -0.7169519066810608 0.18372373282909393 0.45281240344047546 
vn -0.7169519066810608 0.18372373282909393 0.45281240344047546 
vn -0.7169519066810608 0.18372373282909393 0.45281240344047546 
vn 0.13217602670192719 0.15757092833518982 0.8429233431816101 
vn 0.13217602670192719 0.15757092833518982 0.8429233431816101 
vn 0.13217602670192719 0.15757092833518982 0.8429233431816101 
vn 0.13217602670192719 0.15757092833518982 0.8429233431816101 
vn -0.6199377775192261 0.1957436352968216 0.5746098756790161 
vn -0.6199377775192261 0.1957436352968216 0.5746098756790161 
vn -0.6199377775192261 0.1957436352968216 0.5746098756790161 
vn -0.6199377775192261 0.1957436352968216 0.5746098756790161 
vn 0.33496999740600586 0.0793352872133255 0.7964414954185486 
vn 0.33496999740600586 0.0793352872133255 0.7964414954185486 
vn 0.33496999740600586 0.0793352872133255 0.7964414954185486 
vn 0.33496999740600586 0.0793352872133255 0.7964414954185486 
vn -0.7131805419921875 0.08692453801631927 -0.4864477515220642 
vn -0.7131805419921875 0.08692453801631927 -0.4864477515220642 
vn -0.7131805419921875 0.08692453801631927 -0.4864477515220642 
vn -0.7131805419921875 0.08692453801631927 -0.4864477515220642 
vn 0.27287182211875916 -0.06949303299188614 -0.8206887245178223 
vn 0.27287182211875916 -0.06949303299188614 -0.8206887245178223 
vn 0.27287182211875916 -0.06949303299188614 -0.8206887245178223 
vn 0.27287182211875916 -0.06949303299188614 -0.8206887245178223 
vn 0.053869493305683136 -0.03650232404470444 -0.8652079701423645 
vn 0.053869493305683136 -0.03650232404470444 -0.8652079701423645 
vn 0.053869493305683136 -0.03650232404470444 -0.8652079701423645 
vn 0.053869493305683136 -0.03650232404470444 -0.8652079701423645 
vn 0.053869493305683136 -0.03650232404470444 -0.8652079701423645 
vn -0.7131805419921875 0.08692453801631927 -0.4864477515220642 
vn -0.7131805419921875 0.08692453801631927 -0.4864477515220642 
vn -0.7131805419921875 0.08692453801631927 -0.4864477515220642 
vn -0.7131805419921875 0.08692453801631927 -0.4864477515220642 
vn -0.5104265213012695 0.05049031600356102 -0.6998084783554077 
vn -0.5104265213012695 0.05049031600356102 -0.6998084783554077 
vn -0.5104265213012695 0.05049031600356102 -0.6998084783554077 
vn -0.5104265213012695 0.05049031600356102 -0.6998084783554077 
vn 0.053869493305683136 -0.03650232404470444 -0.8652079701423645 
vn 0.053869493305683136 -0.03650232404470444 -0.8652079701423645 
vn 0.053869493305683136 -0.03650232404470444 -0.8652079701423645 
vn 0.053869493305683136 -0.03650232404470444 -0.8652079701423645 
vn -0.7530835270881653 0.09553470462560654 -0.42018023133277893 
vn -0.7530835270881653 0.09553470462560654 -0.42018023133277893 
vn -0.7530835270881653 0.09553470462560654 -0.42018023133277893 
vn -0.7530835270881653 0.09553470462560654 -0.42018023133277893 
vn -0.09406851977109909 -0.014750208705663681 -0.8624109625816345 
vn -0.09406851977109909 -0.014750208705663681 -0.8624109625816345 
vn -0.09406851977109909 -0.014750208705663681 -0.8624109625816345 
vn -0.09406851977109909 -0.014750208705663681 -0.8624109625816345 
vn -0.8382370471954346 0.06941911578178406 -0.21295854449272156 
vn -0.8382370471954346 0.06941911578178406 -0.21295854449272156 
vn -0.8382370471954346 0.06941911578178406 -0.21295854449272156 
vn -0.8382370471954346 0.06941911578178406 -0.21295854449272156 
vn 0.7590517401695251 0.2518572211265564 0.3364838659763336 
vn 0.7590517401695251 0.2518572211265564 0.3364838659763336 
vn 0.7590517401695251 0.2518572211265564 0.3364838659763336 
vn 0.7590517401695251 0.2518572211265564 0.3364838659763336 
vn -0.1706875115633011 0.1841101348400116 0.8305346965789795 
vn -0.1706875115633011 0.1841101348400116 0.8305346965789795 
vn -0.1706875115633011 0.1841101348400116 0.8305346965789795 
vn -0.1706875115633011 0.1841101348400116 0.8305346965789795 
vn 0.049661941826343536 0.2329215109348297 0.8343262076377869 
vn 0.049661941826343536 0.2329215109348297 0.8343262076377869 
vn 0.049661941826343536 0.2329215109348297 0.8343262076377869 
vn 0.049661941826343536 0.2329215109348297 0.8343262076377869 
vn 0.049661941826343536 0.2329215109348297 0.8343262076377869 
vn 0.7590517401695251 0.2518572211265564 0.3364838659763336 
vn 0.7590517401695251 0.2518572211265564 0.3364838659763336 
vn 0.7590517401695251 0.2518572211265564 0.3364838659763336 
vn 0.7590517401695251 0.2518572211265564 0.3364838659763336 
vn 0.5842087864875793 0.28119024634361267 0.576582670211792 
vn 0.5842087864875793 0.28119024634361267 0.576582670211792 
vn 0.5842087864875793 0.28119024634361267 0.576582670211792 
vn 0.5842087864875793 0.28119024634361267 0.576582670211792 
vn 0.049661941826343536 0.2329215109348297 0.8343262076377869 
vn 0.049661941826343536 0.2329215109348297 0.8343262076377869 
vn 0.049661941826343536 0.2329215109348297 0.8343262076377869 
vn 0.049661941826343536 0.2329215109348297 0.8343262076377869 
vn 0.7899575233459473 0.23999705910682678 0.266797810792923 
vn 0.7899575233459473 0.23999705910682678 0.266797810792923 
vn 0.7899575233459473 0.23999705910682678 0.266797810792923 
vn 0.7899575233459473 0.23999705910682678 0.266797810792923 
vn 0.19627819955348969 0.2578454911708832 0.8048658967018127 
vn 0.19627819955348969 0.2578454911708832 0.8048658967018127 
vn 0.19627819955348969 0.2578454911708832 0.8048658967018127 
vn 0.19627819955348969 0.2578454911708832 0.8048658967018127 
vn 0.8504803776741028 0.1564854234457016 0.07075949758291245 
vn 0.8504803776741028 0.1564854234457016 0.07075949758291245 
vn 0.8504803776741028 0.1564854234457016 0.07075949758291245 
vn 0.8504803776741028 0.1564854234457016 0.07075949758291245 
vn -0.494911253452301 0.2891499102115631 0.6513612270355225 
vn -0.494911253452301 0.2891499102115631 0.6513612270355225 
vn -0.494911253452301 0.2891499102115631 0.6513612270355225 
vn -0.494911253452301 0.2891499102115631 0.6513612270355225 
vn -0.6966885924339294 0.28115564584732056 0.43403947353363037 
vn -0.6966885924339294 0.28115564584732056 0.43403947353363037 
vn -0.6966885924339294 0.28115564584732056 0.43403947353363037 
vn -0.6966885924339294 0.28115564584732056 0.43403947353363037 
vn -0.8405641913414001 0.16785457730293274 -0.13449262082576752 
vn -0.8405641913414001 0.16785457730293274 -0.13449262082576752 
vn -0.8405641913414001 0.16785457730293274 -0.13449262082576752 
vn -0.8405641913414001 0.16785457730293274 -0.13449262082576752 
vn -0.4294767677783966 0.28436267375946045 0.6982151865959167 
vn -0.4294767677783966 0.28436267375946045 0.6982151865959167 
vn -0.4294767677783966 0.28436267375946045 0.6982151865959167 
vn -0.4294767677783966 0.28436267375946045 0.6982151865959167 
vn -0.842243492603302 0.2081085741519928 0.01132443267852068 
vn -0.842243492603302 0.2081085741519928 0.01132443267852068 
vn -0.842243492603302 0.2081085741519928 0.01132443267852068 
vn -0.842243492603302 0.2081085741519928 0.01132443267852068 
vn -0.24658341705799103 0.22514936327934265 0.8008262515068054 
vn -0.24658341705799103 0.22514936327934265 0.8008262515068054 
vn -0.24658341705799103 0.22514936327934265 0.8008262515068054 
vn -0.24658341705799103 0.22514936327934265 0.8008262515068054 
vn -0.31156790256500244 0.0838228315114975 0.8054298758506775 
vn -0.31156790256500244 0.0838228315114975 0.8054298758506775 
vn -0.31156790256500244 0.0838228315114975 0.8054298758506775 
vn -0.31156790256500244 0.0838228315114975 0.8054298758506775 
vn -0.8384383320808411 0.10057950019836426 0.19929026067256927 
vn -0.8384383320808411 0.10057950019836426 0.19929026067256927 
vn -0.8384383320808411 0.10057950019836426 0.19929026067256927 
vn -0.8384383320808411 0.10057950019836426 0.19929026067256927 
vn 0.11617432534694672 0.003101641545072198 0.8598331212997437 
vn 0.11617432534694672 0.003101641545072198 0.8598331212997437 
vn 0.11617432534694672 0.003101641545072198 0.8598331212997437 
vn 0.11617432534694672 0.003101641545072198 0.8598331212997437 
vn -0.34143394231796265 -0.010810173116624355 0.7975738644599915 
vn -0.34143394231796265 -0.010810173116624355 0.7975738644599915 
vn -0.34143394231796265 -0.010810173116624355 0.7975738644599915 
vn -0.34143394231796265 -0.010810173116624355 0.7975738644599915 
vn -0.5912013649940491 0.03498106449842453 0.6340920925140381 
vn -0.5912013649940491 0.03498106449842453 0.6340920925140381 
vn -0.5912013649940491 0.03498106449842453 0.6340920925140381 
vn -0.5912013649940491 0.03498106449842453 0.6340920925140381 
vn -0.8547222018241882 0.10290611535310745 0.10803534835577011 
vn -0.8547222018241882 0.10290611535310745 0.10803534835577011 
vn -0.8547222018241882 0.10290611535310745 0.10803534835577011 
vn -0.8547222018241882 0.10290611535310745 0.10803534835577011 
vn -0.2748758792877197 -0.022258399054408073 0.822658121585846 
vn -0.2748758792877197 -0.022258399054408073 0.822658121585846 
vn -0.2748758792877197 -0.022258399054408073 0.822658121585846 
vn -0.2748758792877197 -0.022258399054408073 0.822658121585846 
vn -0.8249425292015076 0.09055400639772415 0.25314345955848694 
vn -0.8249425292015076 0.09055400639772415 0.25314345955848694 
vn -0.8249425292015076 0.09055400639772415 0.25314345955848694 
vn -0.8249425292015076 0.09055400639772415 0.25314345955848694 
vn -0.0622422955930233 -0.09569688886404037 0.8601089119911194 
vn -0.0622422955930233 -0.09569688886404037 0.8601089119911194 
vn -0.0622422955930233 -0.09569688886404037 0.8601089119911194 
vn -0.0622422955930233 -0.09569688886404037 0.8601089119911194 
vn 0.08284424990415573 -0.012136044912040234 -0.8636021614074707 
vn 0.08284424990415573 -0.012136044912040234 -0.8636021614074707 
vn 0.08284424990415573 -0.012136044912040234 -0.8636021614074707 
vn 0.08284424990415573 -0.012136044912040234 -0.8636021614074707 
vn 0.8476301431655884 -0.11416349560022354 -0.14594963192939758 
vn 0.8476301431655884 -0.11416349560022354 -0.14594963192939758 
vn 0.8476301431655884 -0.11416349560022354 -0.14594963192939758 
vn 0.8476301431655884 -0.11416349560022354 -0.14594963192939758 
vn 0.7814756631851196 -0.10448159277439117 -0.362204372882843 
vn 0.7814756631851196 -0.10448159277439117 -0.362204372882843 
vn 0.7814756631851196 -0.10448159277439117 -0.362204372882843 
vn 0.7814756631851196 -0.10448159277439117 -0.362204372882843 
vn 0.7814756631851196 -0.10448159277439117 -0.362204372882843 
vn 0.08284424990415573 -0.012136044912040234 -0.8636021614074707 
vn 0.08284424990415573 -0.012136044912040234 -0.8636021614074707 
vn 0.08284424990415573 -0.012136044912040234 -0.8636021614074707 
vn 0.08284424990415573 -0.012136044912040234 -0.8636021614074707 
vn 0.37047654390335083 -0.04891093075275421 -0.7830533385276794 
vn 0.37047654390335083 -0.04891093075275421 -0.7830533385276794 
vn 0.37047654390335083 -0.04891093075275421 -0.7830533385276794 
vn 0.37047654390335083 -0.04891093075275421 -0.7830533385276794 
vn 0.7814756631851196 -0.10448159277439117 -0.362204372882843 
vn 0.7814756631851196 -0.10448159277439117 -0.362204372882843 
vn 0.7814756631851196 -0.10448159277439117 -0.362204372882843 
vn 0.7814756631851196 -0.10448159277439117 -0.362204372882843 
vn 0.008228988386690617 0.0005702130147255957 -0.867612361907959 
vn 0.008228988386690617 0.0005702130147255957 -0.867612361907959 
vn 0.008228988386690617 0.0005702130147255957 -0.867612361907959 
vn 0.008228988386690617 0.0005702130147255957 -0.867612361907959 
vn 0.7061037421226501 -0.09707865864038467 -0.4947797358036041 
vn 0.7061037421226501 -0.09707865864038467 -0.4947797358036041 
vn 0.7061037421226501 -0.09707865864038467 -0.4947797358036041 
vn 0.7061037421226501 -0.09707865864038467 -0.4947797358036041 
vn -0.21009299159049988 -0.01540838647633791 -0.8416901230812073 
vn -0.21009299159049988 -0.01540838647633791 -0.8416901230812073 
vn -0.21009299159049988 -0.01540838647633791 -0.8416901230812073 
vn -0.21009299159049988 -0.01540838647633791 -0.8416901230812073 
vn 0.294562965631485 -0.045207343995571136 0.8148664236068726 
vn 0.294562965631485 -0.045207343995571136 0.8148664236068726 
vn 0.294562965631485 -0.045207343995571136 0.8148664236068726 
vn 0.294562965631485 -0.045207343995571136 0.8148664236068726 
vn -0.47959163784980774 0.1379033774137497 0.7097824215888977 
vn -0.47959163784980774 0.1379033774137497 0.7097824215888977 
vn -0.47959163784980774 0.1379033774137497 0.7097824215888977 
vn -0.47959163784980774 0.1379033774137497 0.7097824215888977 
vn 0.6318260431289673 -0.17993660271167755 0.5667747855186462 
vn 0.6318260431289673 -0.17993660271167755 0.5667747855186462 
vn 0.6318260431289673 -0.17993660271167755 0.5667747855186462 
vn 0.6318260431289673 -0.17993660271167755 0.5667747855186462 
vn 0.17838050425052643 0.3843245506286621 0.757161557674408 
vn 0.17838050425052643 0.3843245506286621 0.757161557674408 
vn 0.17838050425052643 0.3843245506286621 0.757161557674408 
vn 0.17838050425052643 0.3843245506286621 0.757161557674408 
vn -0.11140825599431992 0.3023446500301361 0.8056020736694336 
vn -0.11140825599431992 0.3023446500301361 0.8056020736694336 
vn -0.11140825599431992 0.3023446500301361 0.8056020736694336 
vn -0.11140825599431992 0.3023446500301361 0.8056020736694336 
vn -0.6092737317085266 0.04159029945731163 0.6163367629051208 
vn -0.6092737317085266 0.04159029945731163 0.6163367629051208 
vn -0.6092737317085266 0.04159029945731163 0.6163367629051208 
vn -0.6092737317085266 0.04159029945731163 0.6163367629051208 
vn 0.24747860431671143 0.39789894223213196 0.7302389740943909 
vn 0.24747860431671143 0.39789894223213196 0.7302389740943909 
vn 0.24747860431671143 0.39789894223213196 0.7302389740943909 
vn 0.24747860431671143 0.39789894223213196 0.7302389740943909 
vn -0.5053027868270874 0.11382805556058884 0.6960809230804443 
vn -0.5053027868270874 0.11382805556058884 0.6960809230804443 
vn -0.5053027868270874 0.11382805556058884 0.6960809230804443 
vn -0.5053027868270874 0.11382805556058884 0.6960809230804443 
vn 0.4456065595149994 0.3822053372859955 0.6388824582099915 
vn 0.4456065595149994 0.3822053372859955 0.6388824582099915 
vn 0.4456065595149994 0.3822053372859955 0.6388824582099915 
vn 0.4456065595149994 0.3822053372859955 0.6388824582099915 
vn 0.06587880104780197 0.2937791347503662 0.8137399554252625 
vn 0.06587880104780197 0.2937791347503662 0.8137399554252625 
vn 0.06587880104780197 0.2937791347503662 0.8137399554252625 
vn 0.06587880104780197 0.2937791347503662 0.8137399554252625 
vn -0.8013542294502258 0.2583088278770447 0.20957133173942566 
vn -0.8013542294502258 0.2583088278770447 0.20957133173942566 
vn -0.8013542294502258 0.2583088278770447 0.20957133173942566 
vn -0.8013542294502258 0.2583088278770447 0.20957133173942566 
vn -0.7024927735328674 0.3087306320667267 0.4049728214740753 
vn -0.7024927735328674 0.3087306320667267 0.4049728214740753 
vn -0.7024927735328674 0.3087306320667267 0.4049728214740753 
vn -0.7024927735328674 0.3087306320667267 0.4049728214740753 
vn -0.7024927735328674 0.3087306320667267 0.4049728214740753 
vn 0.06587880104780197 0.2937791347503662 0.8137399554252625 
vn 0.06587880104780197 0.2937791347503662 0.8137399554252625 
vn 0.06587880104780197 0.2937791347503662 0.8137399554252625 
vn 0.06587880104780197 0.2937791347503662 0.8137399554252625 
vn -0.225945383310318 0.33979466557502747 0.7657065987586975 
vn -0.225945383310318 0.33979466557502747 0.7657065987586975 
vn -0.225945383310318 0.33979466557502747 0.7657065987586975 
vn -0.225945383310318 0.33979466557502747 0.7657065987586975 
vn -0.7024927735328674 0.3087306320667267 0.4049728214740753 
vn -0.7024927735328674 0.3087306320667267 0.4049728214740753 
vn -0.7024927735328674 0.3087306320667267 0.4049728214740753 
vn -0.7024927735328674 0.3087306320667267 0.4049728214740753 
vn 0.14127196371555328 0.2749662399291992 0.8107123374938965 
vn 0.14127196371555328 0.2749662399291992 0.8107123374938965 
vn 0.14127196371555328 0.2749662399291992 0.8107123374938965 
vn 0.14127196371555328 0.2749662399291992 0.8107123374938965 
vn -0.6081088185310364 0.33305907249450684 0.5216227769851685 
vn -0.6081088185310364 0.33305907249450684 0.5216227769851685 
vn -0.6081088185310364 0.33305907249450684 0.5216227769851685 
vn -0.6081088185310364 0.33305907249450684 0.5216227769851685 
vn 0.33404457569122314 0.17376451194286346 0.7816892266273499 
vn 0.33404457569122314 0.17376451194286346 0.7816892266273499 
vn 0.33404457569122314 0.17376451194286346 0.7816892266273499 
vn 0.33404457569122314 0.17376451194286346 0.7816892266273499 
vn 0.30593395233154297 0.21985426545143127 0.7815923094749451 
vn 0.30593395233154297 0.21985426545143127 0.7815923094749451 
vn 0.30593395233154297 0.21985426545143127 0.7815923094749451 
vn 0.30593395233154297 0.21985426545143127 0.7815923094749451 
vn -0.7042853236198425 0.16309086978435516 0.4797888994216919 
vn -0.7042853236198425 0.16309086978435516 0.4797888994216919 
vn -0.7042853236198425 0.16309086978435516 0.4797888994216919 
vn -0.7042853236198425 0.16309086978435516 0.4797888994216919 
vn -0.5529252290725708 0.2054426670074463 0.6363039612770081 
vn -0.5529252290725708 0.2054426670074463 0.6363039612770081 
vn -0.5529252290725708 0.2054426670074463 0.6363039612770081 
vn -0.5529252290725708 0.2054426670074463 0.6363039612770081 
vn -0.5529252290725708 0.2054426670074463 0.6363039612770081 
vn 0.30593395233154297 0.21985426545143127 0.7815923094749451 
vn 0.30593395233154297 0.21985426545143127 0.7815923094749451 
vn 0.30593395233154297 0.21985426545143127 0.7815923094749451 
vn 0.30593395233154297 0.21985426545143127 0.7815923094749451 
vn 0.01080853771418333 0.24192281067371368 0.8331719636917114 
vn 0.01080853771418333 0.24192281067371368 0.8331719636917114 
vn 0.01080853771418333 0.24192281067371368 0.8331719636917114 
vn 0.01080853771418333 0.24192281067371368 0.8331719636917114 
vn -0.5529252290725708 0.2054426670074463 0.6363039612770081 
vn -0.5529252290725708 0.2054426670074463 0.6363039612770081 
vn -0.5529252290725708 0.2054426670074463 0.6363039612770081 
vn -0.5529252290725708 0.2054426670074463 0.6363039612770081 
vn 0.37291669845581055 0.20781917870044708 0.7553554773330688 
vn 0.37291669845581055 0.20781917870044708 0.7553554773330688 
vn 0.37291669845581055 0.20781917870044708 0.7553554773330688 
vn 0.37291669845581055 0.20781917870044708 0.7553554773330688 
vn -0.4258112609386444 0.22505614161491394 0.7217004299163818 
vn -0.4258112609386444 0.22505614161491394 0.7217004299163818 
vn -0.4258112609386444 0.22505614161491394 0.7217004299163818 
vn -0.4258112609386444 0.22505614161491394 0.7217004299163818 
vn 0.5570206046104431 0.1285437047481537 0.6527023315429688 
vn 0.5570206046104431 0.1285437047481537 0.6527023315429688 
vn 0.5570206046104431 0.1285437047481537 0.6527023315429688 
vn 0.5570206046104431 0.1285437047481537 0.6527023315429688 
vn 0.29191598296165466 -0.13203482329845428 0.8063313961029053 
vn 0.29191598296165466 -0.13203482329845428 0.8063313961029053 
vn 0.29191598296165466 -0.13203482329845428 0.8063313961029053 
vn 0.29191598296165466 -0.13203482329845428 0.8063313961029053 
vn -0.49801939725875854 -0.10184250771999359 0.7031511664390564 
vn -0.49801939725875854 -0.10184250771999359 0.7031511664390564 
vn -0.49801939725875854 -0.10184250771999359 0.7031511664390564 
vn -0.49801939725875854 -0.10184250771999359 0.7031511664390564 
vn 0.6573660373687744 -0.14336319267749786 0.5478426218032837 
vn 0.6573660373687744 -0.14336319267749786 0.5478426218032837 
vn 0.6573660373687744 -0.14336319267749786 0.5478426218032837 
vn 0.6573660373687744 -0.14336319267749786 0.5478426218032837 
vn 0.33035916090011597 -0.18142570555210114 0.7815150022506714 
vn 0.33035916090011597 -0.18142570555210114 0.7815150022506714 
vn 0.33035916090011597 -0.18142570555210114 0.7815150022506714 
vn 0.33035916090011597 -0.18142570555210114 0.7815150022506714 
vn 0.03978525102138519 -0.2459745854139328 0.831103503704071 
vn 0.03978525102138519 -0.2459745854139328 0.831103503704071 
vn 0.03978525102138519 -0.2459745854139328 0.831103503704071 
vn 0.03978525102138519 -0.2459745854139328 0.831103503704071 
vn -0.5194925665855408 -0.2748808264732361 0.6382669806480408 
vn -0.5194925665855408 -0.2748808264732361 0.6382669806480408 
vn -0.5194925665855408 -0.2748808264732361 0.6382669806480408 
vn -0.5194925665855408 -0.2748808264732361 0.6382669806480408 
vn 0.4005844295024872 -0.1637124866247177 0.7520292401313782 
vn 0.4005844295024872 -0.1637124866247177 0.7520292401313782 
vn 0.4005844295024872 -0.1637124866247177 0.7520292401313782 
vn 0.4005844295024872 -0.1637124866247177 0.7520292401313782 
vn -0.39154648780822754 -0.28038379549980164 0.7217299938201904 
vn -0.39154648780822754 -0.28038379549980164 0.7217299938201904 
vn -0.39154648780822754 -0.28038379549980164 0.7217299938201904 
vn -0.39154648780822754 -0.28038379549980164 0.7217299938201904 
vn 0.5780093669891357 -0.1421460658311844 0.6312807202339172 
vn 0.5780093669891357 -0.1421460658311844 0.6312807202339172 
vn 0.5780093669891357 -0.1421460658311844 0.6312807202339172 
vn 0.5780093669891357 -0.1421460658311844 0.6312807202339172 
vn 0.2905305325984955 -0.09457514435052872 0.812075138092041 
vn 0.2905305325984955 -0.09457514435052872 0.812075138092041 
vn 0.2905305325984955 -0.09457514435052872 0.812075138092041 
vn 0.2905305325984955 -0.09457514435052872 0.812075138092041 
vn -0.7119944095611572 0.007121419068425894 0.4958094656467438 
vn -0.7119944095611572 0.007121419068425894 0.4958094656467438 
vn -0.7119944095611572 0.007121419068425894 0.4958094656467438 
vn -0.7119944095611572 0.007121419068425894 0.4958094656467438 
vn -0.5614458918571472 -0.018151070922613144 0.6612601280212402 
vn -0.5614458918571472 -0.018151070922613144 0.6612601280212402 
vn -0.5614458918571472 -0.018151070922613144 0.6612601280212402 
vn -0.5614458918571472 -0.018151070922613144 0.6612601280212402 
vn -0.5614458918571472 -0.018151070922613144 0.6612601280212402 
vn 0.2905305325984955 -0.09457514435052872 0.812075138092041 
vn 0.2905305325984955 -0.09457514435052872 0.812075138092041 
vn 0.2905305325984955 -0.09457514435052872 0.812075138092041 
vn 0.2905305325984955 -0.09457514435052872 0.812075138092041 
vn -0.003942694049328566 -0.07662510871887207 0.864252507686615 
vn -0.003942694049328566 -0.07662510871887207 0.864252507686615 
vn -0.003942694049328566 -0.07662510871887207 0.864252507686615 
vn -0.003942694049328566 -0.07662510871887207 0.864252507686615 
vn -0.5614458918571472 -0.018151070922613144 0.6612601280212402 
vn -0.5614458918571472 -0.018151070922613144 0.6612601280212402 
vn -0.5614458918571472 -0.018151070922613144 0.6612601280212402 
vn -0.5614458918571472 -0.018151070922613144 0.6612601280212402 
vn 0.358620822429657 -0.09694961458444595 0.7840980887413025 
vn 0.358620822429657 -0.09694961458444595 0.7840980887413025 
vn 0.358620822429657 -0.09694961458444595 0.7840980887413025 
vn 0.358620822429657 -0.09694961458444595 0.7840980887413025 
vn -0.4347401559352875 -0.03353865444660187 0.750128984451294 
vn -0.4347401559352875 -0.03353865444660187 0.750128984451294 
vn -0.4347401559352875 -0.03353865444660187 0.750128984451294 
vn -0.4347401559352875 -0.03353865444660187 0.750128984451294 
vn 0.5429023504257202 -0.14214664697647095 0.661715567111969 
vn 0.5429023504257202 -0.14214664697647095 0.661715567111969 
vn 0.5429023504257202 -0.14214664697647095 0.661715567111969 
vn 0.5429023504257202 -0.14214664697647095 0.661715567111969 
vn 0.3510102927684784 -0.3373141884803772 0.7182124257087708 
vn 0.3510102927684784 -0.3373141884803772 0.7182124257087708 
vn 0.3510102927684784 -0.3373141884803772 0.7182124257087708 
vn 0.3510102927684784 -0.3373141884803772 0.7182124257087708 
vn -0.4394057095050812 -0.40848398208618164 0.6268022656440735 
vn -0.4394057095050812 -0.40848398208618164 0.6268022656440735 
vn -0.4394057095050812 -0.40848398208618164 0.6268022656440735 
vn -0.4394057095050812 -0.40848398208618164 0.6268022656440735 
vn 0.6969949007034302 -0.20194987952709198 0.47563472390174866 
vn 0.6969949007034302 -0.20194987952709198 0.47563472390174866 
vn 0.6969949007034302 -0.20194987952709198 0.47563472390174866 
vn 0.6969949007034302 -0.20194987952709198 0.47563472390174866 
vn 0.2589021921157837 -0.22994717955589294 0.7955580949783325 
vn 0.2589021921157837 -0.22994717955589294 0.7955580949783325 
vn 0.2589021921157837 -0.22994717955589294 0.7955580949783325 
vn 0.2589021921157837 -0.22994717955589294 0.7955580949783325 
vn -0.7299054861068726 -0.0652264803647995 0.46453964710235596 
vn -0.7299054861068726 -0.0652264803647995 0.46453964710235596 
vn -0.7299054861068726 -0.0652264803647995 0.46453964710235596 
vn -0.7299054861068726 -0.0652264803647995 0.46453964710235596 
vn -0.5829921364784241 -0.11827190220355988 0.6316230893135071 
vn -0.5829921364784241 -0.11827190220355988 0.6316230893135071 
vn -0.5829921364784241 -0.11827190220355988 0.6316230893135071 
vn -0.5829921364784241 -0.11827190220355988 0.6316230893135071 
vn -0.5829921364784241 -0.11827190220355988 0.6316230893135071 
vn 0.2589021921157837 -0.22994717955589294 0.7955580949783325 
vn 0.2589021921157837 -0.22994717955589294 0.7955580949783325 
vn 0.2589021921157837 -0.22994717955589294 0.7955580949783325 
vn 0.2589021921157837 -0.22994717955589294 0.7955580949783325 
vn -0.039019208401441574 -0.21665577590465546 0.839259922504425 
vn -0.039019208401441574 -0.21665577590465546 0.839259922504425 
vn -0.039019208401441574 -0.21665577590465546 0.839259922504425 
vn -0.039019208401441574 -0.21665577590465546 0.839259922504425 
vn -0.5829921364784241 -0.11827190220355988 0.6316230893135071 
vn -0.5829921364784241 -0.11827190220355988 0.6316230893135071 
vn -0.5829921364784241 -0.11827190220355988 0.6316230893135071 
vn -0.5829921364784241 -0.11827190220355988 0.6316230893135071 
vn 0.33254268765449524 -0.22890569269657135 0.7680076360702515 
vn 0.33254268765449524 -0.22890569269657135 0.7680076360702515 
vn 0.33254268765449524 -0.22890569269657135 0.7680076360702515 
vn 0.33254268765449524 -0.22890569269657135 0.7680076360702515 
vn -0.4639664888381958 -0.15179914236068726 0.7172929644584656 
vn -0.4639664888381958 -0.15179914236068726 0.7172929644584656 
vn -0.4639664888381958 -0.15179914236068726 0.7172929644584656 
vn -0.4639664888381958 -0.15179914236068726 0.7172929644584656 
vn 0.5173083543777466 -0.2557782232761383 0.6479089856147766 
vn 0.5173083543777466 -0.2557782232761383 0.6479089856147766 
vn 0.5173083543777466 -0.2557782232761383 0.6479089856147766 
vn 0.5173083543777466 -0.2557782232761383 0.6479089856147766 
vn 0.3865245580673218 -0.022273708134889603 0.7764794230461121 
vn 0.3865245580673218 -0.022273708134889603 0.7764794230461121 
vn 0.3865245580673218 -0.022273708134889603 0.7764794230461121 
vn 0.3865245580673218 -0.022273708134889603 0.7764794230461121 
vn -0.772733747959137 -0.0009011028450913727 0.39458155632019043 
vn -0.772733747959137 -0.0009011028450913727 0.39458155632019043 
vn -0.772733747959137 -0.0009011028450913727 0.39458155632019043 
vn -0.772733747959137 -0.0009011028450913727 0.39458155632019043 
vn -0.6544613242149353 -0.00369305070489645 0.5696327686309814 
vn -0.6544613242149353 -0.00369305070489645 0.5696327686309814 
vn -0.6544613242149353 -0.00369305070489645 0.5696327686309814 
vn -0.6544613242149353 -0.00369305070489645 0.5696327686309814 
vn -0.6544613242149353 -0.00369305070489645 0.5696327686309814 
vn 0.3865245580673218 -0.022273708134889603 0.7764794230461121 
vn 0.3865245580673218 -0.022273708134889603 0.7764794230461121 
vn 0.3865245580673218 -0.022273708134889603 0.7764794230461121 
vn 0.3865245580673218 -0.022273708134889603 0.7764794230461121 
vn -0.0026598870754241943 -0.01984749548137188 0.867420494556427 
vn -0.0026598870754241943 -0.01984749548137188 0.867420494556427 
vn -0.0026598870754241943 -0.01984749548137188 0.867420494556427 
vn -0.0026598870754241943 -0.01984749548137188 0.867420494556427 
vn -0.6544613242149353 -0.00369305070489645 0.5696327686309814 
vn -0.6544613242149353 -0.00369305070489645 0.5696327686309814 
vn -0.6544613242149353 -0.00369305070489645 0.5696327686309814 
vn -0.6544613242149353 -0.00369305070489645 0.5696327686309814 
vn 0.4695221483707428 -0.022977139800786972 0.729272186756134 
vn 0.4695221483707428 -0.022977139800786972 0.729272186756134 
vn 0.4695221483707428 -0.022977139800786972 0.729272186756134 
vn 0.4695221483707428 -0.022977139800786972 0.729272186756134 
vn -0.5395188927650452 -0.009443066082894802 0.6794456243515015 
vn -0.5395188927650452 -0.009443066082894802 0.6794456243515015 
vn -0.5395188927650452 -0.009443066082894802 0.6794456243515015 
vn -0.5395188927650452 -0.009443066082894802 0.6794456243515015 
vn 0.6463003158569336 -0.07213748246431351 0.5743751525878906 
vn 0.6463003158569336 -0.07213748246431351 0.5743751525878906 
vn 0.6463003158569336 -0.07213748246431351 0.5743751525878906 
vn 0.6463003158569336 -0.07213748246431351 0.5743751525878906 
vn 0.1833028644323349 0.34999871253967285 0.7724761962890625 
vn 0.1833028644323349 0.34999871253967285 0.7724761962890625 
vn 0.1833028644323349 0.34999871253967285 0.7724761962890625 
vn 0.1833028644323349 0.34999871253967285 0.7724761962890625 
vn -0.5436544418334961 0.038771819323301315 0.6750945448875427 
vn -0.5436544418334961 0.038771819323301315 0.6750945448875427 
vn -0.5436544418334961 0.038771819323301315 0.6750945448875427 
vn -0.5436544418334961 0.038771819323301315 0.6750945448875427 
vn 0.566555917263031 0.3623717427253723 0.5481940507888794 
vn 0.566555917263031 0.3623717427253723 0.5481940507888794 
vn 0.566555917263031 0.3623717427253723 0.5481940507888794 
vn 0.566555917263031 0.3623717427253723 0.5481940507888794 
vn 0.2745360732078552 0.15798191726207733 0.8077684640884399 
vn 0.2745360732078552 0.15798191726207733 0.8077684640884399 
vn 0.2745360732078552 0.15798191726207733 0.8077684640884399 
vn 0.2745360732078552 0.15798191726207733 0.8077684640884399 
vn -0.7119350433349609 -0.05915205925703049 0.4924056828022003 
vn -0.7119350433349609 -0.05915205925703049 0.4924056828022003 
vn -0.7119350433349609 -0.05915205925703049 0.4924056828022003 
vn -0.7119350433349609 -0.05915205925703049 0.4924056828022003 
vn -0.5636844038963318 -0.009649991057813168 0.6595321297645569 
vn -0.5636844038963318 -0.009649991057813168 0.6595321297645569 
vn -0.5636844038963318 -0.009649991057813168 0.6595321297645569 
vn -0.5636844038963318 -0.009649991057813168 0.6595321297645569 
vn -0.5636844038963318 -0.009649991057813168 0.6595321297645569 
vn 0.2745360732078552 0.15798191726207733 0.8077684640884399 
vn 0.2745360732078552 0.15798191726207733 0.8077684640884399 
vn 0.2745360732078552 0.15798191726207733 0.8077684640884399 
vn 0.2745360732078552 0.15798191726207733 0.8077684640884399 
vn -0.017090091481804848 0.11354152858257294 0.8600205779075623 
vn -0.017090091481804848 0.11354152858257294 0.8600205779075623 
vn -0.017090091481804848 0.11354152858257294 0.8600205779075623 
vn -0.017090091481804848 0.11354152858257294 0.8600205779075623 
vn -0.5636844038963318 -0.009649991057813168 0.6595321297645569 
vn -0.5636844038963318 -0.009649991057813168 0.6595321297645569 
vn -0.5636844038963318 -0.009649991057813168 0.6595321297645569 
vn -0.5636844038963318 -0.009649991057813168 0.6595321297645569 
vn 0.3443617820739746 0.16721750795841217 0.7786340713500977 
vn 0.3443617820739746 0.16721750795841217 0.7786340713500977 
vn 0.3443617820739746 0.16721750795841217 0.7786340713500977 
vn 0.3443617820739746 0.16721750795841217 0.7786340713500977 
vn -0.4461577832698822 0.02334381453692913 0.7437845468521118 
vn -0.4461577832698822 0.02334381453692913 0.7437845468521118 
vn -0.4461577832698822 0.02334381453692913 0.7437845468521118 
vn -0.4461577832698822 0.02334381453692913 0.7437845468521118 
vn 0.5329635739326477 0.14251698553562164 0.669667661190033 
vn 0.5329635739326477 0.14251698553562164 0.669667661190033 
vn 0.5329635739326477 0.14251698553562164 0.669667661190033 
vn 0.5329635739326477 0.14251698553562164 0.669667661190033 
vn 0.30606505274772644 0.18636839091777802 0.7901955842971802 
vn 0.30606505274772644 0.18636839091777802 0.7901955842971802 
vn 0.30606505274772644 0.18636839091777802 0.7901955842971802 
vn 0.30606505274772644 0.18636839091777802 0.7901955842971802 
vn -0.4868013262748718 0.20720279216766357 0.6876829862594604 
vn -0.4868013262748718 0.20720279216766357 0.6876829862594604 
vn -0.4868013262748718 0.20720279216766357 0.6876829862594604 
vn -0.4868013262748718 0.20720279216766357 0.6876829862594604 
vn 0.6636743545532227 0.06087464839220047 0.5555583238601685 
vn 0.6636743545532227 0.06087464839220047 0.5555583238601685 
vn 0.6636743545532227 0.06087464839220047 0.5555583238601685 
vn 0.6636743545532227 0.06087464839220047 0.5555583238601685 
vt 0.1673785299062729 0.9999982118606567 
vt 0 0.9999982118606567 
vt 0.1673785299062729 0.8234633207321167 
vt 0 0.8234633207321167 
vt 0 0.5099490284919739 
vt 0.1270904839038849 0.5099490284919739 
vt 0 0.7112672328948975 
vt 0.1270904839038849 0.741055965423584 
vt 0.22622349858283997 0.7749955654144287 
vt 0.13026469945907593 0.7388584017753601 
vt 0.24722212553024292 0.6160408854484558 
vt 0.16041968762874603 0.527163028717041 
vt 0.22011925280094147 0.5275292992591858 
vt 0.3581973910331726 0.721400260925293 
vt 0.3586857318878174 0.5115361213684082 
vt 0.2713949680328369 0.6899023056030273 
vt 0.2711507976055145 0.5115361213684082 
vt 0.4325471520423889 0.511780321598053 
vt 0.36161577701568604 0.5115361213684082 
vt 0.42998337745666504 0.6466842293739319 
vt 0.3685746192932129 0.6663399338722229 
vt 0.4928571581840515 0.785250723361969 
vt 0.5000601410865784 0.5115361213684082 
vt 0.4414593577384949 0.6831876635551453 
vt 0.4385293126106262 0.5115361213684082 
vt 0.5000601410865784 0.9999982118606567 
vt 0.48064863681793213 0.7299461960792542 
vt 0.4108160138130188 0.9999982118606567 
vt 0.39335787296295166 0.7299461960792542 
vt 0.41399022936820984 0.9999982118606567 
vt 0.38713154196739197 0.7638858556747437 
vt 0.29300400614738464 0.9999982118606567 
vt 0.2840918004512787 0.7637637853622437 
vt 0.29300400614738464 0.9999982118606567 
vt 0.29300400614738464 0.8563041687011719 
vt 0.1673785299062729 0.9999982118606567 
vt 0.1673785299062729 0.8563041687011719 
vt 0.752287745475769 0.9999982118606567 
vt 0.6908789873123169 0.7775593400001526 
vt 0.5000601410865784 0.9999982118606567 
vt 0.5000601410865784 0.7775593400001526 
vt 0.6033440828323364 0.7427651286125183 
vt 0.6033440828323364 0.5391273498535156 
vt 0.4988393187522888 0.7427651286125183 
vt 0.4988393187522888 0.5391273498535156 
vt 0.6662178635597229 0.6011465191841125 
vt 0.6662178635597229 0.5204483270645142 
vt 0.6219009757041931 0.6011465191841125 
vt 0.6219009757041931 0.5204483270645142 
vt 0.8542287349700928 0.5653756260871887 
vt 0.6857514381408691 0.5653756260871887 
vt 0.8326197266578674 0.7557061314582825 
vt 0.6857514381408691 0.7557061314582825 
vt 0.9999982118606567 0.7420326471328735 
vt 0.9722849130630493 0.5372960567474365 
vt 0.897935152053833 0.7420326471328735 
vt 0.8984234929084778 0.5372960567474365 
vt 0.6167734265327454 0.7380038499832153 
vt 0.6803796887397766 0.7380038499832153 
vt 0.6167734265327454 0.639725387096405 
vt 0.6803796887397766 0.639725387096405 
vt 0.9999982118606567 0.9999982118606567 
vt 0.9999982118606567 0.7626649737358093 
vt 0.9321189522743225 0.9999982118606567 
vt 0.9295551776885986 0.7626649737358093 
vt 0.9069694876670837 0.9999982118606567 
vt 0.9088007211685181 0.7626649737358093 
vt 0.7624208331108093 0.9999982118606567 
vt 0.7143193483352661 0.7626649737358093 
vt 0.6033440828323364 0.7427651286125183 
vt 0.6033440828323364 0.5391273498535156 
vt 0.4988393187522888 0.7427651286125183 
vt 0.4988393187522888 0.5391273498535156 
vt 0.8542287349700928 0.5653756260871887 
vt 0.6857514381408691 0.5653756260871887 
vt 0.8326197266578674 0.7557061314582825 
vt 0.6857514381408691 0.7557061314582825 
vt 0.9999982118606567 0.7420326471328735 
vt 0.9722849130630493 0.5372960567474365 
vt 0.897935152053833 0.7420326471328735 
vt 0.8984234929084778 0.5372960567474365 
vt 0.9999982118606567 0.9999982118606567 
vt 0.9999982118606567 0.7626649737358093 
vt 0.9321189522743225 0.9999982118606567 
vt 0.9295551776885986 0.7626649737358093 
vt 0.9069694876670837 0.9999982118606567 
vt 0.9088007211685181 0.7626649737358093 
vt 0.7624208331108093 0.9999982118606567 
vt 0.7143193483352661 0.7626649737358093 
vt 0.6033440828323364 0.5391273498535156 
vt 0.4988393187522888 0.5391273498535156 
vt 0.6033440828323364 0.7427651286125183 
vt 0.4988393187522888 0.7427651286125183 
vt 0.9999982118606567 0.7420326471328735 
vt 0.9722849130630493 0.5372960567474365 
vt 0.897935152053833 0.7420326471328735 
vt 0.8984234929084778 0.5372960567474365 
vt 0.9069694876670837 0.9999982118606567 
vt 0.9088007211685181 0.7626649737358093 
vt 0.7624208331108093 0.9999982118606567 
vt 0.7143193483352661 0.7626649737358093 
vt 0.6033440828323364 0.5391273498535156 
vt 0.4988393187522888 0.5391273498535156 
vt 0.6033440828323364 0.7427651286125183 
vt 0.4988393187522888 0.7427651286125183 
vt 0.9999982118606567 0.7420326471328735 
vt 0.9722849130630493 0.5372960567474365 
vt 0.897935152053833 0.7420326471328735 
vt 0.8984234929084778 0.5372960567474365 
vt 0.9069694876670837 0.9999982118606567 
vt 0.9088007211685181 0.7626649737358093 
vt 0.7624208331108093 0.9999982118606567 
vt 0.7143193483352661 0.7626649737358093 
vt 0.5000601410865784 0.5000601410865784 
vt 0.7087033987045288 0.5000601410865784 
vt 0.5000601410865784 0.24453625082969666 
vt 0.7087033987045288 0.24453625082969666 
vt 0.7442301511764526 0.2456350177526474 
vt 0.7442301511764526 0.011109734885394573 
vt 0.5369298458099365 0.2456350177526474 
vt 0.5369298458099365 0.011109734885394573 
vt 0.9577568173408508 0.24453625082969666 
vt 0.9577568173408508 0 
vt 0.8011217713356018 0.24453625082969666 
vt 0.8011217713356018 0 
vt 0.8666813969612122 0.24453625082969666 
vt 0.7087033987045288 0.24453625082969666 
vt 0.8666813969612122 0.5000601410865784 
vt 0.7087033987045288 0.5000601410865784 
vt 0.8666813969612122 0.5000601410865784 
vt 0.9999982118606567 0.5000601410865784 
vt 0.8666813969612122 0.24453625082969666 
vt 0.9999982118606567 0.24453625082969666 
vt 0.5000601410865784 0.5000601410865784 
vt 0.7087033987045288 0.5000601410865784 
vt 0.5000601410865784 0.24453625082969666 
vt 0.7087033987045288 0.24453625082969666 
vt 0.9577568173408508 0.24453625082969666 
vt 0.9577568173408508 0 
vt 0.8011217713356018 0.24453625082969666 
vt 0.8011217713356018 0 
vt 0.9999982118606567 0.5000601410865784 
vt 0.9999982118606567 0.24453625082969666 
vt 0.8666813969612122 0.5000601410865784 
vt 0.8666813969612122 0.24453625082969666 
vt 0.7442301511764526 0.2456350177526474 
vt 0.7442301511764526 0.011109734885394573 
vt 0.5369298458099365 0.2456350177526474 
vt 0.5369298458099365 0.011109734885394573 
vt 0.9577568173408508 0.24453625082969666 
vt 0.9577568173408508 0 
vt 0.8011217713356018 0.24453625082969666 
vt 0.8011217713356018 0 
vt 0.5000601410865784 0.5000601410865784 
vt 0.7087033987045288 0.5000601410865784 
vt 0.5000601410865784 0.24453625082969666 
vt 0.7087033987045288 0.24453625082969666 
vt 0.7442301511764526 0.2456350177526474 
vt 0.7442301511764526 0.011109734885394573 
vt 0.5369298458099365 0.2456350177526474 
vt 0.5369298458099365 0.011109734885394573 
vt 0.9577568173408508 0.24453625082969666 
vt 0.9577568173408508 0 
vt 0.8011217713356018 0.24453625082969666 
vt 0.8011217713356018 0 
vt 0.8666813969612122 0.24453625082969666 
vt 0.7087033987045288 0.24453625082969666 
vt 0.8666813969612122 0.5000601410865784 
vt 0.7087033987045288 0.5000601410865784 
vt 0.8666813969612122 0.5000601410865784 
vt 0.9999982118606567 0.5000601410865784 
vt 0.8666813969612122 0.24453625082969666 
vt 0.9999982118606567 0.24453625082969666 
vt 0.5000601410865784 0.5000601410865784 
vt 0.7087033987045288 0.5000601410865784 
vt 0.5000601410865784 0.24453625082969666 
vt 0.7087033987045288 0.24453625082969666 
vt 0.9577568173408508 0.24453625082969666 
vt 0.9577568173408508 0 
vt 0.8011217713356018 0.24453625082969666 
vt 0.8011217713356018 0 
vt 0.9999982118606567 0.5000601410865784 
vt 0.9999982118606567 0.24453625082969666 
vt 0.8666813969612122 0.5000601410865784 
vt 0.8666813969612122 0.24453625082969666 
vt 0.7442301511764526 0.2456350177526474 
vt 0.7442301511764526 0.011109734885394573 
vt 0.5369298458099365 0.2456350177526474 
vt 0.5369298458099365 0.011109734885394573 
vt 0.9577568173408508 0.24453625082969666 
vt 0.9577568173408508 0 
vt 0.8011217713356018 0.24453625082969666 
vt 0.8011217713356018 0 
vt 0.5000601410865784 0.5000601410865784 
vt 0.7087033987045288 0.5000601410865784 
vt 0.5000601410865784 0.24453625082969666 
vt 0.7087033987045288 0.24453625082969666 
vt 0.7442301511764526 0.2456350177526474 
vt 0.7442301511764526 0.011109734885394573 
vt 0.5369298458099365 0.2456350177526474 
vt 0.5369298458099365 0.011109734885394573 
vt 0.9577568173408508 0.24453625082969666 
vt 0.9577568173408508 0 
vt 0.8011217713356018 0.24453625082969666 
vt 0.8011217713356018 0 
vt 0.8666813969612122 0.24453625082969666 
vt 0.7087033987045288 0.24453625082969666 
vt 0.8666813969612122 0.5000601410865784 
vt 0.7087033987045288 0.5000601410865784 
vt 0.8666813969612122 0.5000601410865784 
vt 0.9999982118606567 0.5000601410865784 
vt 0.8666813969612122 0.24453625082969666 
vt 0.9999982118606567 0.24453625082969666 
vt 0.5000601410865784 0.5000601410865784 
vt 0.7087033987045288 0.5000601410865784 
vt 0.5000601410865784 0.24453625082969666 
vt 0.7087033987045288 0.24453625082969666 
vt 0.7442301511764526 0.2456350177526474 
vt 0.7442301511764526 0.011109734885394573 
vt 0.5369298458099365 0.2456350177526474 
vt 0.5369298458099365 0.011109734885394573 
vt 0.9577568173408508 0.24453625082969666 
vt 0.9577568173408508 0 
vt 0.8011217713356018 0.24453625082969666 
vt 0.8011217713356018 0 
vt 0.8666813969612122 0.24453625082969666 
vt 0.7087033987045288 0.24453625082969666 
vt 0.8666813969612122 0.5000601410865784 
vt 0.7087033987045288 0.5000601410865784 
vt 0.8666813969612122 0.5000601410865784 
vt 0.9999982118606567 0.5000601410865784 
vt 0.8666813969612122 0.24453625082969666 
vt 0.9999982118606567 0.24453625082969666 
vt 0.5000601410865784 0.5000601410865784 
vt 0.7087033987045288 0.5000601410865784 
vt 0.5000601410865784 0.24453625082969666 
vt 0.7087033987045288 0.24453625082969666 
vt 0.9577568173408508 0.24453625082969666 
vt 0.9577568173408508 0 
vt 0.8011217713356018 0.24453625082969666 
vt 0.8011217713356018 0 
vt 0.9999982118606567 0.5000601410865784 
vt 0.9999982118606567 0.24453625082969666 
vt 0.8666813969612122 0.5000601410865784 
vt 0.8666813969612122 0.24453625082969666 
vt 0.5000601410865784 0.5000601410865784 
vt 0.7087033987045288 0.5000601410865784 
vt 0.5000601410865784 0.24453625082969666 
vt 0.7087033987045288 0.24453625082969666 
vt 0.9577568173408508 0.24453625082969666 
vt 0.9577568173408508 0 
vt 0.8011217713356018 0.24453625082969666 
vt 0.8011217713356018 0 
vt 0.9999982118606567 0.5000601410865784 
vt 0.9999982118606567 0.24453625082969666 
vt 0.8666813969612122 0.5000601410865784 
vt 0.8666813969612122 0.24453625082969666 
vt 0.7442301511764526 0.2456350177526474 
vt 0.7442301511764526 0.011109734885394573 
vt 0.5369298458099365 0.2456350177526474 
vt 0.5369298458099365 0.011109734885394573 
vt 0.9577568173408508 0.24453625082969666 
vt 0.9577568173408508 0 
vt 0.8011217713356018 0.24453625082969666 
vt 0.8011217713356018 0 
vt 0.008790119551122189 0.5000601410865784 
vt 0.17665699124336243 0.5000601410865784 
vt 0.017213985323905945 0.253570556640625 
vt 0.17665699124336243 0.253570556640625 
vt 0.03467214107513428 0.22597932815551758 
vt 0.17445947229862213 0.22597932815551758 
vt 0.03467214107513428 0.018068579956889153 
vt 0.17445947229862213 0.018068579956889153 
vt 0.3423263430595398 0.24185039103031158 
vt 0.1834937483072281 0.24185039103031158 
vt 0.3423263430595398 0.5000601410865784 
vt 0.1834937483072281 0.5000601410865784 
vt 0.5000601410865784 0.5088502764701843 
vt 0.5000601410865784 0.2683428227901459 
vt 0.3760218024253845 0.44780778884887695 
vt 0.3760218024253845 0.2683428227901459 
vt 0.2984978258609772 0.030277080833911896 
vt 0.18447043001651764 0.030277080833911896 
vt 0.2984978258609772 0.22597932815551758 
vt 0.18447043001651764 0.22597932815551758 
vt 0.5000601410865784 0.2575993537902832 
vt 0.5000601410865784 0.014039775356650352 
vt 0.30301496386528015 0.23208358883857727 
vt 0.30301496386528015 0.014039775356650352 
vt 0.752287745475769 0.9999982118606567 
vt 0.6908789873123169 0.7775593400001526 
vt 0.5000601410865784 0.9999982118606567 
vt 0.5000601410865784 0.7775593400001526 
vt 0.6033440828323364 0.7427651286125183 
vt 0.6033440828323364 0.5391273498535156 
vt 0.4988393187522888 0.7427651286125183 
vt 0.4988393187522888 0.5391273498535156 
vt 0.6662178635597229 0.6011465191841125 
vt 0.6662178635597229 0.5204483270645142 
vt 0.6219009757041931 0.6011465191841125 
vt 0.6219009757041931 0.5204483270645142 
vt 0.8542287349700928 0.5653756260871887 
vt 0.6857514381408691 0.5653756260871887 
vt 0.8326197266578674 0.7557061314582825 
vt 0.6857514381408691 0.7557061314582825 
vt 0.9999982118606567 0.7420326471328735 
vt 0.9722849130630493 0.5372960567474365 
vt 0.897935152053833 0.7420326471328735 
vt 0.8984234929084778 0.5372960567474365 
vt 0.6167734265327454 0.7380038499832153 
vt 0.6803796887397766 0.7380038499832153 
vt 0.6167734265327454 0.639725387096405 
vt 0.6803796887397766 0.639725387096405 
vt 0.9999982118606567 0.9999982118606567 
vt 0.9999982118606567 0.7626649737358093 
vt 0.9321189522743225 0.9999982118606567 
vt 0.9295551776885986 0.7626649737358093 
vt 0.9069694876670837 0.9999982118606567 
vt 0.9088007211685181 0.7626649737358093 
vt 0.7624208331108093 0.9999982118606567 
vt 0.7143193483352661 0.7626649737358093 
vt 0.03467214107513428 0.22597932815551758 
vt 0.17445947229862213 0.22597932815551758 
vt 0.03467214107513428 0.018068579956889153 
vt 0.17445947229862213 0.018068579956889153 
vt 0.5000601410865784 0.5088502764701843 
vt 0.5000601410865784 0.2683428227901459 
vt 0.3760218024253845 0.44780778884887695 
vt 0.3760218024253845 0.2683428227901459 
vt 0.2984978258609772 0.030277080833911896 
vt 0.18447043001651764 0.030277080833911896 
vt 0.2984978258609772 0.22597932815551758 
vt 0.18447043001651764 0.22597932815551758 
vt 0.5000601410865784 0.2575993537902832 
vt 0.5000601410865784 0.014039775356650352 
vt 0.30301496386528015 0.23208358883857727 
vt 0.30301496386528015 0.014039775356650352 
vt 0.5000601410865784 0.5088502764701843 
vt 0.5000601410865784 0.2683428227901459 
vt 0.3760218024253845 0.44780778884887695 
vt 0.3760218024253845 0.2683428227901459 
vt 0.2984978258609772 0.030277080833911896 
vt 0.18447043001651764 0.030277080833911896 
vt 0.2984978258609772 0.22597932815551758 
vt 0.18447043001651764 0.22597932815551758 
vt 0.03467214107513428 0.22597932815551758 
vt 0.17445947229862213 0.22597932815551758 
vt 0.03467214107513428 0.018068579956889153 
vt 0.17445947229862213 0.018068579956889153 
vt 0.5000601410865784 0.5088502764701843 
vt 0.5000601410865784 0.2683428227901459 
vt 0.3760218024253845 0.44780778884887695 
vt 0.3760218024253845 0.2683428227901459 
vt 0.2984978258609772 0.030277080833911896 
vt 0.18447043001651764 0.030277080833911896 
vt 0.2984978258609772 0.22597932815551758 
vt 0.18447043001651764 0.22597932815551758 
vt 0.5000601410865784 0.2575993537902832 
vt 0.5000601410865784 0.014039775356650352 
vt 0.30301496386528015 0.23208358883857727 
vt 0.30301496386528015 0.014039775356650352 
vt 0.03467214107513428 0.22597932815551758 
vt 0.17445947229862213 0.22597932815551758 
vt 0.03467214107513428 0.018068579956889153 
vt 0.17445947229862213 0.018068579956889153 
vt 0.5000601410865784 0.5088502764701843 
vt 0.5000601410865784 0.2683428227901459 
vt 0.3760218024253845 0.44780778884887695 
vt 0.3760218024253845 0.2683428227901459 
vt 0.2984978258609772 0.030277080833911896 
vt 0.18447043001651764 0.030277080833911896 
vt 0.2984978258609772 0.22597932815551758 
vt 0.18447043001651764 0.22597932815551758 
vt 0.5000601410865784 0.2575993537902832 
vt 0.5000601410865784 0.014039775356650352 
vt 0.30301496386528015 0.23208358883857727 
vt 0.30301496386528015 0.014039775356650352 
vt 0.03467214107513428 0.22597932815551758 
vt 0.17445947229862213 0.22597932815551758 
vt 0.03467214107513428 0.018068579956889153 
vt 0.17445947229862213 0.018068579956889153 
vt 0.5000601410865784 0.5088502764701843 
vt 0.5000601410865784 0.2683428227901459 
vt 0.3760218024253845 0.44780778884887695 
vt 0.3760218024253845 0.2683428227901459 
vt 0.2984978258609772 0.030277080833911896 
vt 0.18447043001651764 0.030277080833911896 
vt 0.2984978258609772 0.22597932815551758 
vt 0.18447043001651764 0.22597932815551758 
vt 0.5000601410865784 0.2575993537902832 
vt 0.5000601410865784 0.014039775356650352 
vt 0.30301496386528015 0.23208358883857727 
vt 0.30301496386528015 0.014039775356650352 
vt 0.008790119551122189 0.5000601410865784 
vt 0.17665699124336243 0.5000601410865784 
vt 0.017213985323905945 0.253570556640625 
vt 0.17665699124336243 0.253570556640625 
vt 0.03467214107513428 0.22597932815551758 
vt 0.17445947229862213 0.22597932815551758 
vt 0.03467214107513428 0.018068579956889153 
vt 0.17445947229862213 0.018068579956889153 
vt 0.3423263430595398 0.24185039103031158 
vt 0.1834937483072281 0.24185039103031158 
vt 0.3423263430595398 0.5000601410865784 
vt 0.1834937483072281 0.5000601410865784 
vt 0.5000601410865784 0.5088502764701843 
vt 0.5000601410865784 0.2683428227901459 
vt 0.3760218024253845 0.44780778884887695 
vt 0.3760218024253845 0.2683428227901459 
vt 0.2984978258609772 0.030277080833911896 
vt 0.18447043001651764 0.030277080833911896 
vt 0.2984978258609772 0.22597932815551758 
vt 0.18447043001651764 0.22597932815551758 
vt 0.5000601410865784 0.2575993537902832 
vt 0.5000601410865784 0.014039775356650352 
vt 0.30301496386528015 0.23208358883857727 
vt 0.30301496386528015 0.014039775356650352 
vt 0.03467214107513428 0.22597932815551758 
vt 0.17445947229862213 0.22597932815551758 
vt 0.03467214107513428 0.018068579956889153 
vt 0.17445947229862213 0.018068579956889153 
vt 0.5000601410865784 0.5088502764701843 
vt 0.5000601410865784 0.2683428227901459 
vt 0.3760218024253845 0.44780778884887695 
vt 0.3760218024253845 0.2683428227901459 
vt 0.2984978258609772 0.030277080833911896 
vt 0.18447043001651764 0.030277080833911896 
vt 0.2984978258609772 0.22597932815551758 
vt 0.18447043001651764 0.22597932815551758 
vt 0.5000601410865784 0.2575993537902832 
vt 0.5000601410865784 0.014039775356650352 
vt 0.30301496386528015 0.23208358883857727 
vt 0.30301496386528015 0.014039775356650352 
vt 0.5000601410865784 0.5088502764701843 
vt 0.5000601410865784 0.2683428227901459 
vt 0.3760218024253845 0.44780778884887695 
vt 0.3760218024253845 0.2683428227901459 
vt 0.2984978258609772 0.030277080833911896 
vt 0.18447043001651764 0.030277080833911896 
vt 0.2984978258609772 0.22597932815551758 
vt 0.18447043001651764 0.22597932815551758 
vt 0.008790119551122189 0.5000601410865784 
vt 0.17665699124336243 0.5000601410865784 
vt 0.017213985323905945 0.253570556640625 
vt 0.17665699124336243 0.253570556640625 
vt 0.03467214107513428 0.22597932815551758 
vt 0.17445947229862213 0.22597932815551758 
vt 0.03467214107513428 0.018068579956889153 
vt 0.17445947229862213 0.018068579956889153 
vt 0.3423263430595398 0.24185039103031158 
vt 0.1834937483072281 0.24185039103031158 
vt 0.3423263430595398 0.5000601410865784 
vt 0.1834937483072281 0.5000601410865784 
vt 0.5000601410865784 0.5088502764701843 
vt 0.5000601410865784 0.2683428227901459 
vt 0.3760218024253845 0.44780778884887695 
vt 0.3760218024253845 0.2683428227901459 
vt 0.2984978258609772 0.030277080833911896 
vt 0.18447043001651764 0.030277080833911896 
vt 0.2984978258609772 0.22597932815551758 
vt 0.18447043001651764 0.22597932815551758 
vt 0.5000601410865784 0.2575993537902832 
vt 0.5000601410865784 0.014039775356650352 
vt 0.30301496386528015 0.23208358883857727 
vt 0.30301496386528015 0.014039775356650352 
vt 0.03467214107513428 0.22597932815551758 
vt 0.17445947229862213 0.22597932815551758 
vt 0.03467214107513428 0.018068579956889153 
vt 0.17445947229862213 0.018068579956889153 
vt 0.5000601410865784 0.5088502764701843 
vt 0.5000601410865784 0.2683428227901459 
vt 0.3760218024253845 0.44780778884887695 
vt 0.3760218024253845 0.2683428227901459 
vt 0.2984978258609772 0.030277080833911896 
vt 0.18447043001651764 0.030277080833911896 
vt 0.2984978258609772 0.22597932815551758 
vt 0.18447043001651764 0.22597932815551758 
vt 0.5000601410865784 0.2575993537902832 
vt 0.5000601410865784 0.014039775356650352 
vt 0.30301496386528015 0.23208358883857727 
vt 0.30301496386528015 0.014039775356650352 
vt 0.03467214107513428 0.22597932815551758 
vt 0.17445947229862213 0.22597932815551758 
vt 0.03467214107513428 0.018068579956889153 
vt 0.17445947229862213 0.018068579956889153 
vt 0.5000601410865784 0.5088502764701843 
vt 0.5000601410865784 0.2683428227901459 
vt 0.3760218024253845 0.44780778884887695 
vt 0.3760218024253845 0.2683428227901459 
vt 0.2984978258609772 0.030277080833911896 
vt 0.18447043001651764 0.030277080833911896 
vt 0.2984978258609772 0.22597932815551758 
vt 0.18447043001651764 0.22597932815551758 
vt 0.5000601410865784 0.2575993537902832 
vt 0.5000601410865784 0.014039775356650352 
vt 0.30301496386528015 0.23208358883857727 
vt 0.30301496386528015 0.014039775356650352 
vt 0.03467214107513428 0.22597932815551758 
vt 0.17445947229862213 0.22597932815551758 
vt 0.03467214107513428 0.018068579956889153 
vt 0.17445947229862213 0.018068579956889153 
vt 0.5000601410865784 0.5088502764701843 
vt 0.5000601410865784 0.2683428227901459 
vt 0.3760218024253845 0.44780778884887695 
vt 0.3760218024253845 0.2683428227901459 
vt 0.2984978258609772 0.030277080833911896 
vt 0.18447043001651764 0.030277080833911896 
vt 0.2984978258609772 0.22597932815551758 
vt 0.18447043001651764 0.22597932815551758 
vt 0.5000601410865784 0.2575993537902832 
vt 0.5000601410865784 0.014039775356650352 
vt 0.30301496386528015 0.23208358883857727 
vt 0.30301496386528015 0.014039775356650352 
vt 0.5000601410865784 0.5088502764701843 
vt 0.5000601410865784 0.2683428227901459 
vt 0.3760218024253845 0.44780778884887695 
vt 0.3760218024253845 0.2683428227901459 
vt 0.2984978258609772 0.030277080833911896 
vt 0.18447043001651764 0.030277080833911896 
vt 0.2984978258609772 0.22597932815551758 
vt 0.18447043001651764 0.22597932815551758 
vt 0.008790119551122189 0.5000601410865784 
vt 0.17665699124336243 0.5000601410865784 
vt 0.017213985323905945 0.253570556640625 
vt 0.17665699124336243 0.253570556640625 
vt 0.03467214107513428 0.22597932815551758 
vt 0.17445947229862213 0.22597932815551758 
vt 0.03467214107513428 0.018068579956889153 
vt 0.17445947229862213 0.018068579956889153 
vt 0.3423263430595398 0.24185039103031158 
vt 0.1834937483072281 0.24185039103031158 
vt 0.3423263430595398 0.5000601410865784 
vt 0.1834937483072281 0.5000601410865784 
vt 0.5000601410865784 0.5088502764701843 
vt 0.5000601410865784 0.2683428227901459 
vt 0.3760218024253845 0.44780778884887695 
vt 0.3760218024253845 0.2683428227901459 
vt 0.2984978258609772 0.030277080833911896 
vt 0.18447043001651764 0.030277080833911896 
vt 0.2984978258609772 0.22597932815551758 
vt 0.18447043001651764 0.22597932815551758 
vt 0.5000601410865784 0.2575993537902832 
vt 0.5000601410865784 0.014039775356650352 
vt 0.30301496386528015 0.23208358883857727 
vt 0.30301496386528015 0.014039775356650352 
vt 0.03467214107513428 0.22597932815551758 
vt 0.17445947229862213 0.22597932815551758 
vt 0.03467214107513428 0.018068579956889153 
vt 0.17445947229862213 0.018068579956889153 
vt 0.5000601410865784 0.5088502764701843 
vt 0.5000601410865784 0.2683428227901459 
vt 0.3760218024253845 0.44780778884887695 
vt 0.3760218024253845 0.2683428227901459 
vt 0.2984978258609772 0.030277080833911896 
vt 0.18447043001651764 0.030277080833911896 
vt 0.2984978258609772 0.22597932815551758 
vt 0.18447043001651764 0.22597932815551758 
vt 0.5000601410865784 0.2575993537902832 
vt 0.5000601410865784 0.014039775356650352 
vt 0.30301496386528015 0.23208358883857727 
vt 0.30301496386528015 0.014039775356650352 
vt 0.5000601410865784 0.5088502764701843 
vt 0.5000601410865784 0.2683428227901459 
vt 0.3760218024253845 0.44780778884887695 
vt 0.3760218024253845 0.2683428227901459 
vt 0.2984978258609772 0.030277080833911896 
vt 0.18447043001651764 0.030277080833911896 
vt 0.2984978258609772 0.22597932815551758 
vt 0.18447043001651764 0.22597932815551758 
vt 0.1673785299062729 0.9999982118606567 
vt 0.1673785299062729 0.8234633207321167 
vt 0 0.9999982118606567 
vt 0 0.8234633207321167 
vt 0 0.5099490284919739 
vt 0 0.7112672328948975 
vt 0.1270904839038849 0.5099490284919739 
vt 0.1270904839038849 0.741055965423584 
vt 0.22622349858283997 0.7749955654144287 
vt 0.24722212553024292 0.6160408854484558 
vt 0.13026469945907593 0.7388584017753601 
vt 0.16041968762874603 0.527163028717041 
vt 0.22011925280094147 0.5275292992591858 
vt 0.3581973910331726 0.721400260925293 
vt 0.3586857318878174 0.5115361213684082 
vt 0.2713949680328369 0.6899023056030273 
vt 0.2711507976055145 0.5115361213684082 
vt 0.4325471520423889 0.511780321598053 
vt 0.36161577701568604 0.5115361213684082 
vt 0.42998337745666504 0.6466842293739319 
vt 0.3685746192932129 0.6663399338722229 
vt 0.4928571581840515 0.785250723361969 
vt 0.5000601410865784 0.5115361213684082 
vt 0.4414593577384949 0.6831876635551453 
vt 0.4385293126106262 0.5115361213684082 
vt 0.5000601410865784 0.9999982118606567 
vt 0.48064863681793213 0.7299461960792542 
vt 0.4108160138130188 0.9999982118606567 
vt 0.39335787296295166 0.7299461960792542 
vt 0.41399022936820984 0.9999982118606567 
vt 0.38713154196739197 0.7638858556747437 
vt 0.29300400614738464 0.9999982118606567 
vt 0.2840918004512787 0.7637637853622437 
vt 0.29300400614738464 0.9999982118606567 
vt 0.29300400614738464 0.8563041687011719 
vt 0.1673785299062729 0.9999982118606567 
vt 0.1673785299062729 0.8563041687011719 
vt 0.1673785299062729 0.9999982118606567 
vt 0.1673785299062729 0.8234633207321167 
vt 0 0.9999982118606567 
vt 0 0.8234633207321167 
vt 0.4325471520423889 0.511780321598053 
vt 0.36161577701568604 0.5115361213684082 
vt 0.42998337745666504 0.6466842293739319 
vt 0.3685746192932129 0.6663399338722229 
vt 0.4928571581840515 0.785250723361969 
vt 0.5000601410865784 0.5115361213684082 
vt 0.4414593577384949 0.6831876635551453 
vt 0.4385293126106262 0.5115361213684082 
vt 0.5000601410865784 0.9999982118606567 
vt 0.48064863681793213 0.7299461960792542 
vt 0.4108160138130188 0.9999982118606567 
vt 0.39335787296295166 0.7299461960792542 
vt 0.41399022936820984 0.9999982118606567 
vt 0.38713154196739197 0.7638858556747437 
vt 0.29300400614738464 0.9999982118606567 
vt 0.2840918004512787 0.7637637853622437 
vt 0.29300400614738464 0.9999982118606567 
vt 0.29300400614738464 0.8563041687011719 
vt 0.1673785299062729 0.9999982118606567 
vt 0.1673785299062729 0.8563041687011719 
vt 0.1673785299062729 0.9999982118606567 
vt 0.1673785299062729 0.8234633207321167 
vt 0 0.9999982118606567 
vt 0 0.8234633207321167 
vt 0.1270904839038849 0.741055965423584 
vt 0.1270904839038849 0.5099490284919739 
vt 0 0.7112672328948975 
vt 0 0.5099490284919739 
vt 0.1673785299062729 0.9999982118606567 
vt 0.29300400614738464 0.9999982118606567 
vt 0.1673785299062729 0.8563041687011719 
vt 0.29300400614738464 0.8563041687011719 
vt 0.1673785299062729 0.9999982118606567 
vt 0.1673785299062729 0.8234633207321167 
vt 0 0.9999982118606567 
vt 0 0.8234633207321167 
vt 0.1270904839038849 0.741055965423584 
vt 0.1270904839038849 0.5099490284919739 
vt 0 0.7112672328948975 
vt 0 0.5099490284919739 
vt 0.1673785299062729 0.9999982118606567 
vt 0.29300400614738464 0.9999982118606567 
vt 0.1673785299062729 0.8563041687011719 
vt 0.29300400614738464 0.8563041687011719 
vt 0.1673785299062729 0.9999982118606567 
vt 0.1673785299062729 0.8234633207321167 
vt 0 0.9999982118606567 
vt 0 0.8234633207321167 
vt 0.1270904839038849 0.741055965423584 
vt 0.1270904839038849 0.5099490284919739 
vt 0 0.7112672328948975 
vt 0 0.5099490284919739 
vt 0.1673785299062729 0.9999982118606567 
vt 0.29300400614738464 0.9999982118606567 
vt 0.1673785299062729 0.8563041687011719 
vt 0.29300400614738464 0.8563041687011719 
vt 0.1673785299062729 0.9999982118606567 
vt 0.1673785299062729 0.8234633207321167 
vt 0 0.9999982118606567 
vt 0 0.8234633207321167 
vt 0 0.5099490284919739 
vt 0 0.7112672328948975 
vt 0.1270904839038849 0.5099490284919739 
vt 0.1270904839038849 0.741055965423584 
vt 0.22622349858283997 0.7749955654144287 
vt 0.24722212553024292 0.6160408854484558 
vt 0.13026469945907593 0.7388584017753601 
vt 0.16041968762874603 0.527163028717041 
vt 0.22011925280094147 0.5275292992591858 
vt 0.3581973910331726 0.721400260925293 
vt 0.3586857318878174 0.5115361213684082 
vt 0.2713949680328369 0.6899023056030273 
vt 0.2711507976055145 0.5115361213684082 
vt 0.4325471520423889 0.511780321598053 
vt 0.36161577701568604 0.5115361213684082 
vt 0.42998337745666504 0.6466842293739319 
vt 0.3685746192932129 0.6663399338722229 
vt 0.4928571581840515 0.785250723361969 
vt 0.5000601410865784 0.5115361213684082 
vt 0.4414593577384949 0.6831876635551453 
vt 0.4385293126106262 0.5115361213684082 
vt 0.5000601410865784 0.9999982118606567 
vt 0.48064863681793213 0.7299461960792542 
vt 0.4108160138130188 0.9999982118606567 
vt 0.39335787296295166 0.7299461960792542 
vt 0.41399022936820984 0.9999982118606567 
vt 0.38713154196739197 0.7638858556747437 
vt 0.29300400614738464 0.9999982118606567 
vt 0.2840918004512787 0.7637637853622437 
vt 0.29300400614738464 0.9999982118606567 
vt 0.29300400614738464 0.8563041687011719 
vt 0.1673785299062729 0.9999982118606567 
vt 0.1673785299062729 0.8563041687011719 
vt 0.1673785299062729 0.9999982118606567 
vt 0.1673785299062729 0.8234633207321167 
vt 0 0.9999982118606567 
vt 0 0.8234633207321167 
vt 0 0.5099490284919739 
vt 0 0.7112672328948975 
vt 0.1270904839038849 0.5099490284919739 
vt 0.1270904839038849 0.741055965423584 
vt 0.22622349858283997 0.7749955654144287 
vt 0.24722212553024292 0.6160408854484558 
vt 0.13026469945907593 0.7388584017753601 
vt 0.16041968762874603 0.527163028717041 
vt 0.22011925280094147 0.5275292992591858 
vt 0.3581973910331726 0.721400260925293 
vt 0.3586857318878174 0.5115361213684082 
vt 0.2713949680328369 0.6899023056030273 
vt 0.2711507976055145 0.5115361213684082 
vt 0.4325471520423889 0.511780321598053 
vt 0.36161577701568604 0.5115361213684082 
vt 0.42998337745666504 0.6466842293739319 
vt 0.3685746192932129 0.6663399338722229 
vt 0.4928571581840515 0.785250723361969 
vt 0.5000601410865784 0.5115361213684082 
vt 0.4414593577384949 0.6831876635551453 
vt 0.4385293126106262 0.5115361213684082 
vt 0.5000601410865784 0.9999982118606567 
vt 0.48064863681793213 0.7299461960792542 
vt 0.4108160138130188 0.9999982118606567 
vt 0.39335787296295166 0.7299461960792542 
vt 0.41399022936820984 0.9999982118606567 
vt 0.38713154196739197 0.7638858556747437 
vt 0.29300400614738464 0.9999982118606567 
vt 0.2840918004512787 0.7637637853622437 
vt 0.29300400614738464 0.9999982118606567 
vt 0.29300400614738464 0.8563041687011719 
vt 0.1673785299062729 0.9999982118606567 
vt 0.1673785299062729 0.8563041687011719 
vt 0.1673785299062729 0.9999982118606567 
vt 0.1673785299062729 0.8234633207321167 
vt 0 0.9999982118606567 
vt 0 0.8234633207321167 
vt 0 0.5099490284919739 
vt 0 0.7112672328948975 
vt 0.1270904839038849 0.5099490284919739 
vt 0.1270904839038849 0.741055965423584 
vt 0.22622349858283997 0.7749955654144287 
vt 0.24722212553024292 0.6160408854484558 
vt 0.13026469945907593 0.7388584017753601 
vt 0.16041968762874603 0.527163028717041 
vt 0.22011925280094147 0.5275292992591858 
vt 0.3581973910331726 0.721400260925293 
vt 0.3586857318878174 0.5115361213684082 
vt 0.2713949680328369 0.6899023056030273 
vt 0.2711507976055145 0.5115361213684082 
vt 0.4325471520423889 0.511780321598053 
vt 0.36161577701568604 0.5115361213684082 
vt 0.42998337745666504 0.6466842293739319 
vt 0.3685746192932129 0.6663399338722229 
vt 0.4928571581840515 0.785250723361969 
vt 0.5000601410865784 0.5115361213684082 
vt 0.4414593577384949 0.6831876635551453 
vt 0.4385293126106262 0.5115361213684082 
vt 0.5000601410865784 0.9999982118606567 
vt 0.48064863681793213 0.7299461960792542 
vt 0.4108160138130188 0.9999982118606567 
vt 0.39335787296295166 0.7299461960792542 
vt 0.41399022936820984 0.9999982118606567 
vt 0.38713154196739197 0.7638858556747437 
vt 0.29300400614738464 0.9999982118606567 
vt 0.2840918004512787 0.7637637853622437 
vt 0.29300400614738464 0.9999982118606567 
vt 0.29300400614738464 0.8563041687011719 
vt 0.1673785299062729 0.9999982118606567 
vt 0.1673785299062729 0.8563041687011719 
vt 0.1673785299062729 0.9999982118606567 
vt 0.1673785299062729 0.8234633207321167 
vt 0 0.9999982118606567 
vt 0 0.8234633207321167 
vt 0.4325471520423889 0.511780321598053 
vt 0.36161577701568604 0.5115361213684082 
vt 0.42998337745666504 0.6466842293739319 
vt 0.3685746192932129 0.6663399338722229 
vt 0.4928571581840515 0.785250723361969 
vt 0.5000601410865784 0.5115361213684082 
vt 0.4414593577384949 0.6831876635551453 
vt 0.4385293126106262 0.5115361213684082 
vt 0.5000601410865784 0.9999982118606567 
vt 0.48064863681793213 0.7299461960792542 
vt 0.4108160138130188 0.9999982118606567 
vt 0.39335787296295166 0.7299461960792542 
vt 0.41399022936820984 0.9999982118606567 
vt 0.38713154196739197 0.7638858556747437 
vt 0.29300400614738464 0.9999982118606567 
vt 0.2840918004512787 0.7637637853622437 
vt 0.29300400614738464 0.9999982118606567 
vt 0.29300400614738464 0.8563041687011719 
vt 0.1673785299062729 0.9999982118606567 
vt 0.1673785299062729 0.8563041687011719 
vt 0.1673785299062729 0.9999982118606567 
vt 0.1673785299062729 0.8234633207321167 
vt 0 0.9999982118606567 
vt 0 0.8234633207321167 
vt 0.1270904839038849 0.741055965423584 
vt 0.1270904839038849 0.5099490284919739 
vt 0 0.7112672328948975 
vt 0 0.5099490284919739 
vt 0.1673785299062729 0.9999982118606567 
vt 0.29300400614738464 0.9999982118606567 
vt 0.1673785299062729 0.8563041687011719 
vt 0.29300400614738464 0.8563041687011719 
vt 0.1673785299062729 0.9999982118606567 
vt 0.1673785299062729 0.8234633207321167 
vt 0 0.9999982118606567 
vt 0 0.8234633207321167 
vt 0.4325471520423889 0.511780321598053 
vt 0.36161577701568604 0.5115361213684082 
vt 0.42998337745666504 0.6466842293739319 
vt 0.3685746192932129 0.6663399338722229 
vt 0.4928571581840515 0.785250723361969 
vt 0.5000601410865784 0.5115361213684082 
vt 0.4414593577384949 0.6831876635551453 
vt 0.4385293126106262 0.5115361213684082 
vt 0.5000601410865784 0.9999982118606567 
vt 0.48064863681793213 0.7299461960792542 
vt 0.4108160138130188 0.9999982118606567 
vt 0.39335787296295166 0.7299461960792542 
vt 0.41399022936820984 0.9999982118606567 
vt 0.38713154196739197 0.7638858556747437 
vt 0.29300400614738464 0.9999982118606567 
vt 0.2840918004512787 0.7637637853622437 
vt 0.29300400614738464 0.9999982118606567 
vt 0.29300400614738464 0.8563041687011719 
vt 0.1673785299062729 0.9999982118606567 
vt 0.1673785299062729 0.8563041687011719 
vt 0.1673785299062729 0.9999982118606567 
vt 0.1673785299062729 0.8234633207321167 
vt 0 0.9999982118606567 
vt 0 0.8234633207321167 
vt 0 0.5099490284919739 
vt 0 0.7112672328948975 
vt 0.1270904839038849 0.5099490284919739 
vt 0.1270904839038849 0.741055965423584 
vt 0.22622349858283997 0.7749955654144287 
vt 0.24722212553024292 0.6160408854484558 
vt 0.13026469945907593 0.7388584017753601 
vt 0.16041968762874603 0.527163028717041 
vt 0.22011925280094147 0.5275292992591858 
vt 0.3581973910331726 0.721400260925293 
vt 0.3586857318878174 0.5115361213684082 
vt 0.2713949680328369 0.6899023056030273 
vt 0.2711507976055145 0.5115361213684082 
vt 0.4325471520423889 0.511780321598053 
vt 0.36161577701568604 0.5115361213684082 
vt 0.42998337745666504 0.6466842293739319 
vt 0.3685746192932129 0.6663399338722229 
vt 0.4928571581840515 0.785250723361969 
vt 0.5000601410865784 0.5115361213684082 
vt 0.4414593577384949 0.6831876635551453 
vt 0.4385293126106262 0.5115361213684082 
vt 0.5000601410865784 0.9999982118606567 
vt 0.48064863681793213 0.7299461960792542 
vt 0.4108160138130188 0.9999982118606567 
vt 0.39335787296295166 0.7299461960792542 
vt 0.41399022936820984 0.9999982118606567 
vt 0.38713154196739197 0.7638858556747437 
vt 0.29300400614738464 0.9999982118606567 
vt 0.2840918004512787 0.7637637853622437 
vt 0.29300400614738464 0.9999982118606567 
vt 0.29300400614738464 0.8563041687011719 
vt 0.1673785299062729 0.9999982118606567 
vt 0.1673785299062729 0.8563041687011719 
vt 0.1673785299062729 0.9999982118606567 
vt 0.1673785299062729 0.8234633207321167 
vt 0 0.9999982118606567 
vt 0 0.8234633207321167 
vt 0.1270904839038849 0.741055965423584 
vt 0.1270904839038849 0.5099490284919739 
vt 0 0.7112672328948975 
vt 0 0.5099490284919739 
vt 0.1673785299062729 0.9999982118606567 
vt 0.29300400614738464 0.9999982118606567 
vt 0.1673785299062729 0.8563041687011719 
vt 0.29300400614738464 0.8563041687011719 
vt 0.1673785299062729 0.9999982118606567 
vt 0.1673785299062729 0.8234633207321167 
vt 0 0.9999982118606567 
vt 0 0.8234633207321167 
vt 0.4325471520423889 0.511780321598053 
vt 0.36161577701568604 0.5115361213684082 
vt 0.42998337745666504 0.6466842293739319 
vt 0.3685746192932129 0.6663399338722229 
vt 0.4928571581840515 0.785250723361969 
vt 0.5000601410865784 0.5115361213684082 
vt 0.4414593577384949 0.6831876635551453 
vt 0.4385293126106262 0.5115361213684082 
vt 0.5000601410865784 0.9999982118606567 
vt 0.48064863681793213 0.7299461960792542 
vt 0.4108160138130188 0.9999982118606567 
vt 0.39335787296295166 0.7299461960792542 
vt 0.41399022936820984 0.9999982118606567 
vt 0.38713154196739197 0.7638858556747437 
vt 0.29300400614738464 0.9999982118606567 
vt 0.2840918004512787 0.7637637853622437 
vt 0.29300400614738464 0.9999982118606567 
vt 0.29300400614738464 0.8563041687011719 
vt 0.1673785299062729 0.9999982118606567 
vt 0.1673785299062729 0.8563041687011719 
vt 0.1673785299062729 0.9999982118606567 
vt 0.1673785299062729 0.8234633207321167 
vt 0 0.9999982118606567 
vt 0 0.8234633207321167 
vt 0 0.5099490284919739 
vt 0 0.7112672328948975 
vt 0.1270904839038849 0.5099490284919739 
vt 0.1270904839038849 0.741055965423584 
vt 0.22622349858283997 0.7749955654144287 
vt 0.24722212553024292 0.6160408854484558 
vt 0.13026469945907593 0.7388584017753601 
vt 0.16041968762874603 0.527163028717041 
vt 0.22011925280094147 0.5275292992591858 
vt 0.3581973910331726 0.721400260925293 
vt 0.3586857318878174 0.5115361213684082 
vt 0.2713949680328369 0.6899023056030273 
vt 0.2711507976055145 0.5115361213684082 
vt 0.4325471520423889 0.511780321598053 
vt 0.36161577701568604 0.5115361213684082 
vt 0.42998337745666504 0.6466842293739319 
vt 0.3685746192932129 0.6663399338722229 
vt 0.4928571581840515 0.785250723361969 
vt 0.5000601410865784 0.5115361213684082 
vt 0.4414593577384949 0.6831876635551453 
vt 0.4385293126106262 0.5115361213684082 
vt 0.5000601410865784 0.9999982118606567 
vt 0.48064863681793213 0.7299461960792542 
vt 0.4108160138130188 0.9999982118606567 
vt 0.39335787296295166 0.7299461960792542 
vt 0.41399022936820984 0.9999982118606567 
vt 0.38713154196739197 0.7638858556747437 
vt 0.29300400614738464 0.9999982118606567 
vt 0.2840918004512787 0.7637637853622437 
vt 0.29300400614738464 0.9999982118606567 
vt 0.29300400614738464 0.8563041687011719 
vt 0.1673785299062729 0.9999982118606567 
vt 0.1673785299062729 0.8563041687011719 
vt 0.1673785299062729 0.9999982118606567 
vt 0.1673785299062729 0.8234633207321167 
vt 0 0.9999982118606567 
vt 0 0.8234633207321167 
vt 0 0.5099490284919739 
vt 0 0.7112672328948975 
vt 0.1270904839038849 0.5099490284919739 
vt 0.1270904839038849 0.741055965423584 
vt 0.22622349858283997 0.7749955654144287 
vt 0.24722212553024292 0.6160408854484558 
vt 0.13026469945907593 0.7388584017753601 
vt 0.16041968762874603 0.527163028717041 
vt 0.22011925280094147 0.5275292992591858 
vt 0.3581973910331726 0.721400260925293 
vt 0.3586857318878174 0.5115361213684082 
vt 0.2713949680328369 0.6899023056030273 
vt 0.2711507976055145 0.5115361213684082 
vt 0.4325471520423889 0.511780321598053 
vt 0.36161577701568604 0.5115361213684082 
vt 0.42998337745666504 0.6466842293739319 
vt 0.3685746192932129 0.6663399338722229 
vt 0.4928571581840515 0.785250723361969 
vt 0.5000601410865784 0.5115361213684082 
vt 0.4414593577384949 0.6831876635551453 
vt 0.4385293126106262 0.5115361213684082 
vt 0.5000601410865784 0.9999982118606567 
vt 0.48064863681793213 0.7299461960792542 
vt 0.4108160138130188 0.9999982118606567 
vt 0.39335787296295166 0.7299461960792542 
vt 0.41399022936820984 0.9999982118606567 
vt 0.38713154196739197 0.7638858556747437 
vt 0.29300400614738464 0.9999982118606567 
vt 0.2840918004512787 0.7637637853622437 
vt 0.29300400614738464 0.9999982118606567 
vt 0.29300400614738464 0.8563041687011719 
vt 0.1673785299062729 0.9999982118606567 
vt 0.1673785299062729 0.8563041687011719 
vt 0.1673785299062729 0.9999982118606567 
vt 0.1673785299062729 0.8234633207321167 
vt 0 0.9999982118606567 
vt 0 0.8234633207321167 
vt 0.1270904839038849 0.741055965423584 
vt 0.1270904839038849 0.5099490284919739 
vt 0 0.7112672328948975 
vt 0 0.5099490284919739 
vt 0.1673785299062729 0.9999982118606567 
vt 0.29300400614738464 0.9999982118606567 
vt 0.1673785299062729 0.8563041687011719 
vt 0.29300400614738464 0.8563041687011719 
vt 0.1673785299062729 0.9999982118606567 
vt 0.1673785299062729 0.8234633207321167 
vt 0 0.9999982118606567 
vt 0 0.8234633207321167 
vt 0.4325471520423889 0.511780321598053 
vt 0.36161577701568604 0.5115361213684082 
vt 0.42998337745666504 0.6466842293739319 
vt 0.3685746192932129 0.6663399338722229 
vt 0.4928571581840515 0.785250723361969 
vt 0.5000601410865784 0.5115361213684082 
vt 0.4414593577384949 0.6831876635551453 
vt 0.4385293126106262 0.5115361213684082 
vt 0.5000601410865784 0.9999982118606567 
vt 0.48064863681793213 0.7299461960792542 
vt 0.4108160138130188 0.9999982118606567 
vt 0.39335787296295166 0.7299461960792542 
vt 0.41399022936820984 0.9999982118606567 
vt 0.38713154196739197 0.7638858556747437 
vt 0.29300400614738464 0.9999982118606567 
vt 0.2840918004512787 0.7637637853622437 
vt 0.29300400614738464 0.9999982118606567 
vt 0.29300400614738464 0.8563041687011719 
vt 0.1673785299062729 0.9999982118606567 
vt 0.1673785299062729 0.8563041687011719 
vt 0.1673785299062729 0.9999982118606567 
vt 0.1673785299062729 0.8234633207321167 
vt 0 0.9999982118606567 
vt 0 0.8234633207321167 
vt 0 0.5099490284919739 
vt 0 0.7112672328948975 
vt 0.1270904839038849 0.5099490284919739 
vt 0.1270904839038849 0.741055965423584 
vt 0.22622349858283997 0.7749955654144287 
vt 0.24722212553024292 0.6160408854484558 
vt 0.13026469945907593 0.7388584017753601 
vt 0.16041968762874603 0.527163028717041 
vt 0.22011925280094147 0.5275292992591858 
vt 0.3581973910331726 0.721400260925293 
vt 0.3586857318878174 0.5115361213684082 
vt 0.2713949680328369 0.6899023056030273 
vt 0.2711507976055145 0.5115361213684082 
vt 0.4325471520423889 0.511780321598053 
vt 0.36161577701568604 0.5115361213684082 
vt 0.42998337745666504 0.6466842293739319 
vt 0.3685746192932129 0.6663399338722229 
vt 0.4928571581840515 0.785250723361969 
vt 0.5000601410865784 0.5115361213684082 
vt 0.4414593577384949 0.6831876635551453 
vt 0.4385293126106262 0.5115361213684082 
vt 0.5000601410865784 0.9999982118606567 
vt 0.48064863681793213 0.7299461960792542 
vt 0.4108160138130188 0.9999982118606567 
vt 0.39335787296295166 0.7299461960792542 
vt 0.41399022936820984 0.9999982118606567 
vt 0.38713154196739197 0.7638858556747437 
vt 0.29300400614738464 0.9999982118606567 
vt 0.2840918004512787 0.7637637853622437 
vt 0.29300400614738464 0.9999982118606567 
vt 0.29300400614738464 0.8563041687011719 
vt 0.1673785299062729 0.9999982118606567 
vt 0.1673785299062729 0.8563041687011719 
vt 0.1673785299062729 0.9999982118606567 
vt 0.1673785299062729 0.8234633207321167 
vt 0 0.9999982118606567 
vt 0 0.8234633207321167 
vt 0.1270904839038849 0.741055965423584 
vt 0.1270904839038849 0.5099490284919739 
vt 0 0.7112672328948975 
vt 0 0.5099490284919739 
vt 0.1673785299062729 0.9999982118606567 
vt 0.29300400614738464 0.9999982118606567 
vt 0.1673785299062729 0.8563041687011719 
vt 0.29300400614738464 0.8563041687011719 
vt 0.1673785299062729 0.9999982118606567 
vt 0.1673785299062729 0.8234633207321167 
vt 0 0.9999982118606567 
vt 0 0.8234633207321167 
vt 0 0.5099490284919739 
vt 0 0.7112672328948975 
vt 0.1270904839038849 0.5099490284919739 
vt 0.1270904839038849 0.741055965423584 
vt 0.22622349858283997 0.7749955654144287 
vt 0.24722212553024292 0.6160408854484558 
vt 0.13026469945907593 0.7388584017753601 
vt 0.16041968762874603 0.527163028717041 
vt 0.22011925280094147 0.5275292992591858 
vt 0.3581973910331726 0.721400260925293 
vt 0.3586857318878174 0.5115361213684082 
vt 0.2713949680328369 0.6899023056030273 
vt 0.2711507976055145 0.5115361213684082 
vt 0.4325471520423889 0.511780321598053 
vt 0.36161577701568604 0.5115361213684082 
vt 0.42998337745666504 0.6466842293739319 
vt 0.3685746192932129 0.6663399338722229 
vt 0.4928571581840515 0.785250723361969 
vt 0.5000601410865784 0.5115361213684082 
vt 0.4414593577384949 0.6831876635551453 
vt 0.4385293126106262 0.5115361213684082 
vt 0.5000601410865784 0.9999982118606567 
vt 0.48064863681793213 0.7299461960792542 
vt 0.4108160138130188 0.9999982118606567 
vt 0.39335787296295166 0.7299461960792542 
vt 0.41399022936820984 0.9999982118606567 
vt 0.38713154196739197 0.7638858556747437 
vt 0.29300400614738464 0.9999982118606567 
vt 0.2840918004512787 0.7637637853622437 
vt 0.29300400614738464 0.9999982118606567 
vt 0.29300400614738464 0.8563041687011719 
vt 0.1673785299062729 0.9999982118606567 
vt 0.1673785299062729 0.8563041687011719 
vt 0.1673785299062729 0.9999982118606567 
vt 0.1673785299062729 0.8234633207321167 
vt 0 0.9999982118606567 
vt 0 0.8234633207321167 
vt 0 0.5099490284919739 
vt 0 0.7112672328948975 
vt 0.1270904839038849 0.5099490284919739 
vt 0.1270904839038849 0.741055965423584 
vt 0.22622349858283997 0.7749955654144287 
vt 0.24722212553024292 0.6160408854484558 
vt 0.13026469945907593 0.7388584017753601 
vt 0.16041968762874603 0.527163028717041 
vt 0.22011925280094147 0.5275292992591858 
vt 0.3581973910331726 0.721400260925293 
vt 0.3586857318878174 0.5115361213684082 
vt 0.2713949680328369 0.6899023056030273 
vt 0.2711507976055145 0.5115361213684082 
vt 0.4325471520423889 0.511780321598053 
vt 0.36161577701568604 0.5115361213684082 
vt 0.42998337745666504 0.6466842293739319 
vt 0.3685746192932129 0.6663399338722229 
vt 0.4928571581840515 0.785250723361969 
vt 0.5000601410865784 0.5115361213684082 
vt 0.4414593577384949 0.6831876635551453 
vt 0.4385293126106262 0.5115361213684082 
vt 0.5000601410865784 0.9999982118606567 
vt 0.48064863681793213 0.7299461960792542 
vt 0.4108160138130188 0.9999982118606567 
vt 0.39335787296295166 0.7299461960792542 
vt 0.41399022936820984 0.9999982118606567 
vt 0.38713154196739197 0.7638858556747437 
vt 0.29300400614738464 0.9999982118606567 
vt 0.2840918004512787 0.7637637853622437 
vt 0.29300400614738464 0.9999982118606567 
vt 0.29300400614738464 0.8563041687011719 
vt 0.1673785299062729 0.9999982118606567 
vt 0.1673785299062729 0.8563041687011719 
vt 0.1673785299062729 0.9999982118606567 
vt 0.1673785299062729 0.8234633207321167 
vt 0 0.9999982118606567 
vt 0 0.8234633207321167 
vt 0.1270904839038849 0.741055965423584 
vt 0.1270904839038849 0.5099490284919739 
vt 0 0.7112672328948975 
vt 0 0.5099490284919739 
vt 0.1673785299062729 0.9999982118606567 
vt 0.29300400614738464 0.9999982118606567 
vt 0.1673785299062729 0.8563041687011719 
vt 0.29300400614738464 0.8563041687011719 
vt 0.1673785299062729 0.9999982118606567 
vt 0.1673785299062729 0.8234633207321167 
vt 0 0.9999982118606567 
vt 0 0.8234633207321167 
vt 0 0.5099490284919739 
vt 0 0.7112672328948975 
vt 0.1270904839038849 0.5099490284919739 
vt 0.1270904839038849 0.741055965423584 
vt 0.22622349858283997 0.7749955654144287 
vt 0.24722212553024292 0.6160408854484558 
vt 0.13026469945907593 0.7388584017753601 
vt 0.16041968762874603 0.527163028717041 
vt 0.22011925280094147 0.5275292992591858 
vt 0.3581973910331726 0.721400260925293 
vt 0.3586857318878174 0.5115361213684082 
vt 0.2713949680328369 0.6899023056030273 
vt 0.2711507976055145 0.5115361213684082 
vt 0.4325471520423889 0.511780321598053 
vt 0.36161577701568604 0.5115361213684082 
vt 0.42998337745666504 0.6466842293739319 
vt 0.3685746192932129 0.6663399338722229 
vt 0.4928571581840515 0.785250723361969 
vt 0.5000601410865784 0.5115361213684082 
vt 0.4414593577384949 0.6831876635551453 
vt 0.4385293126106262 0.5115361213684082 
vt 0.5000601410865784 0.9999982118606567 
vt 0.48064863681793213 0.7299461960792542 
vt 0.4108160138130188 0.9999982118606567 
vt 0.39335787296295166 0.7299461960792542 
vt 0.41399022936820984 0.9999982118606567 
vt 0.38713154196739197 0.7638858556747437 
vt 0.29300400614738464 0.9999982118606567 
vt 0.2840918004512787 0.7637637853622437 
vt 0.29300400614738464 0.9999982118606567 
vt 0.29300400614738464 0.8563041687011719 
vt 0.1673785299062729 0.9999982118606567 
vt 0.1673785299062729 0.8563041687011719 
vt 0.1673785299062729 0.9999982118606567 
vt 0.1673785299062729 0.8234633207321167 
vt 0 0.9999982118606567 
vt 0 0.8234633207321167 
vt 0.1270904839038849 0.741055965423584 
vt 0.1270904839038849 0.5099490284919739 
vt 0 0.7112672328948975 
vt 0 0.5099490284919739 
vt 0.1673785299062729 0.9999982118606567 
vt 0.29300400614738464 0.9999982118606567 
vt 0.1673785299062729 0.8563041687011719 
vt 0.29300400614738464 0.8563041687011719 
s on 
f 1/1/1 2/2/2 3/3/3 
f 2/2/2 4/4/4 3/3/3 
f 3/3/3 4/4/4 4/4/4 
f 4/4/4 5/5/5 4/4/4 
f 4/4/4 5/5/5 5/5/5 
f 5/5/5 6/6/6 5/5/5 
f 5/5/5 6/6/6 7/7/7 
f 6/6/6 8/8/8 7/7/7 
f 7/7/7 8/8/8 8/8/8 
f 8/8/8 9/9/9 8/8/8 
f 8/8/8 9/9/9 9/9/9 
f 9/9/9 10/10/10 9/9/9 
f 9/9/9 10/10/10 11/11/11 
f 10/10/10 12/12/12 11/11/11 
f 11/11/11 12/12/12 13/13/13 
f 12/12/12 13/13/13 13/13/13 
f 13/13/13 13/13/13 14/14/14 
f 13/13/13 14/14/14 14/14/14 
f 14/14/14 14/14/14 15/15/15 
f 14/14/14 16/16/16 15/15/15 
f 15/15/15 16/16/16 17/17/17 
f 16/16/16 17/17/17 17/17/17 
f 17/17/17 17/17/17 18/18/18 
f 17/17/17 18/18/18 18/18/18 
f 18/18/18 18/18/18 19/19/19 
f 18/18/18 20/20/20 19/19/19 
f 19/19/19 20/20/20 21/21/21 
f 20/20/20 21/21/21 21/21/21 
f 21/21/21 21/21/21 22/22/22 
f 21/21/21 22/22/22 22/22/22 
f 22/22/22 22/22/22 23/23/23 
f 22/22/22 24/24/24 23/23/23 
f 23/23/23 24/24/24 25/25/25 
f 24/24/24 25/25/25 25/25/25 
f 25/25/25 25/25/25 26/26/26 
f 25/25/25 26/26/26 26/26/26 
f 26/26/26 26/26/26 27/27/27 
f 26/26/26 28/28/28 27/27/27 
f 27/27/27 28/28/28 29/29/29 
f 28/28/28 29/29/29 29/29/29 
f 29/29/29 29/29/29 30/30/30 
f 29/29/29 30/30/30 30/30/30 
f 30/30/30 30/30/30 31/31/31 
f 30/30/30 32/32/32 31/31/31 
f 31/31/31 32/32/32 33/33/33 
f 32/32/32 33/33/33 33/33/33 
f 33/33/33 33/33/33 34/34/34 
f 33/33/33 34/34/34 34/34/34 
f 34/34/34 34/34/34 35/35/35 
f 34/34/34 36/36/36 35/35/35 
f 35/35/35 36/36/36 37/37/37 
f 36/36/36 37/37/37 37/37/37 
f 37/37/37 37/37/37 38/38/38 
f 37/37/37 38/38/38 38/38/38 
f 38/38/38 38/38/38 39/39/39 
f 38/38/38 40/40/40 39/39/39 
f 39/39/39 40/40/40 41/41/41 
f 40/40/40 41/41/41 41/41/41 
f 41/41/41 41/41/41 42/42/42 
f 41/41/41 42/42/42 42/42/42 
f 42/42/42 42/42/42 43/43/43 
f 42/42/42 44/44/44 43/43/43 
f 43/43/43 44/44/44 45/45/45 
f 44/44/44 45/45/45 45/45/45 
f 45/45/45 45/45/45 46/46/46 
f 45/45/45 46/46/46 46/46/46 
f 46/46/46 46/46/46 47/47/47 
f 46/46/46 48/48/48 47/47/47 
f 47/47/47 48/48/48 49/49/49 
f 48/48/48 49/49/49 49/49/49 
f 49/49/49 49/49/49 50/50/50 
f 49/49/49 50/50/50 50/50/50 
f 50/50/50 50/50/50 51/51/51 
f 50/50/50 52/52/52 51/51/51 
f 51/51/51 52/52/52 53/53/53 
f 52/52/52 53/53/53 53/53/53 
f 53/53/53 53/53/53 54/54/54 
f 53/53/53 54/54/54 54/54/54 
f 54/54/54 54/54/54 55/55/55 
f 54/54/54 56/56/56 55/55/55 
f 55/55/55 56/56/56 57/57/57 
f 56/56/56 57/57/57 57/57/57 
f 57/57/57 57/57/57 58/58/58 
f 57/57/57 58/58/58 58/58/58 
f 58/58/58 58/58/58 59/59/59 
f 58/58/58 60/60/60 59/59/59 
f 59/59/59 60/60/60 61/61/61 
f 60/60/60 61/61/61 61/61/61 
f 61/61/61 61/61/61 62/62/62 
f 61/61/61 62/62/62 62/62/62 
f 62/62/62 62/62/62 63/63/63 
f 62/62/62 64/64/64 63/63/63 
f 63/63/63 64/64/64 65/65/65 
f 64/64/64 65/65/65 65/65/65 
f 65/65/65 65/65/65 66/66/66 
f 65/65/65 66/66/66 66/66/66 
f 66/66/66 66/66/66 67/67/67 
f 66/66/66 68/68/68 67/67/67 
f 67/67/67 68/68/68 69/69/69 
f 68/68/68 69/69/69 69/69/69 
f 69/69/69 69/69/69 70/70/70 
f 69/69/69 70/70/70 70/70/70 
f 70/70/70 70/70/70 71/71/71 
f 70/70/70 72/72/72 71/71/71 
f 71/71/71 72/72/72 73/73/73 
f 72/72/72 73/73/73 73/73/73 
f 73/73/73 73/73/73 74/74/74 
f 73/73/73 74/74/74 74/74/74 
f 74/74/74 74/74/74 75/75/75 
f 74/74/74 76/76/76 75/75/75 
f 75/75/75 76/76/76 77/77/77 
f 76/76/76 77/77/77 77/77/77 
f 77/77/77 77/77/77 78/78/78 
f 77/77/77 78/78/78 78/78/78 
f 78/78/78 78/78/78 79/79/79 
f 78/78/78 80/80/80 79/79/79 
f 79/79/79 80/80/80 81/81/81 
f 80/80/80 81/81/81 81/81/81 
f 81/81/81 81/81/81 82/82/82 
f 81/81/81 82/82/82 82/82/82 
f 82/82/82 82/82/82 83/83/83 
f 82/82/82 84/84/84 83/83/83 
f 83/83/83 84/84/84 85/85/85 
f 84/84/84 85/85/85 85/85/85 
f 85/85/85 85/85/85 86/86/86 
f 85/85/85 86/86/86 86/86/86 
f 86/86/86 86/86/86 87/87/87 
f 86/86/86 88/88/88 87/87/87 
f 87/87/87 88/88/88 89/89/89 
f 88/88/88 89/89/89 89/89/89 
f 89/89/89 89/89/89 90/90/90 
f 89/89/89 90/90/90 90/90/90 
f 90/90/90 90/90/90 91/91/91 
f 90/90/90 92/92/92 91/91/91 
f 91/91/91 92/92/92 93/93/93 
f 92/92/92 93/93/93 93/93/93 
f 93/93/93 93/93/93 94/94/94 
f 93/93/93 94/94/94 94/94/94 
f 94/94/94 94/94/94 95/95/95 
f 94/94/94 96/96/96 95/95/95 
f 95/95/95 96/96/96 97/97/97 
f 96/96/96 97/97/97 97/97/97 
f 97/97/97 97/97/97 98/98/98 
f 97/97/97 98/98/98 98/98/98 
f 98/98/98 98/98/98 99/99/99 
f 98/98/98 100/100/100 99/99/99 
f 99/99/99 100/100/100 101/101/101 
f 100/100/100 101/101/101 101/101/101 
f 101/101/101 101/101/101 102/102/102 
f 101/101/101 102/102/102 102/102/102 
f 102/102/102 102/102/102 103/103/103 
f 102/102/102 104/104/104 103/103/103 
f 103/103/103 104/104/104 105/105/105 
f 104/104/104 105/105/105 105/105/105 
f 105/105/105 105/105/105 106/106/106 
f 105/105/105 106/106/106 106/106/106 
f 106/106/106 106/106/106 107/107/107 
f 106/106/106 108/108/108 107/107/107 
f 107/107/107 108/108/108 109/109/109 
f 108/108/108 109/109/109 109/109/109 
f 109/109/109 109/109/109 110/110/110 
f 109/109/109 110/110/110 110/110/110 
f 110/110/110 110/110/110 111/111/111 
f 110/110/110 112/112/112 111/111/111 
f 111/111/111 112/112/112 113/113/113 
f 112/112/112 113/113/113 113/113/113 
f 113/113/113 113/113/113 114/114/114 
f 113/113/113 114/114/114 114/114/114 
f 114/114/114 114/114/114 115/115/115 
f 114/114/114 116/116/116 115/115/115 
f 115/115/115 116/116/116 117/117/117 
f 116/116/116 117/117/117 117/117/117 
f 117/117/117 117/117/117 118/118/118 
f 117/117/117 118/118/118 118/118/118 
f 118/118/118 118/118/118 119/119/119 
f 118/118/118 120/120/120 119/119/119 
f 119/119/119 120/120/120 121/121/121 
f 120/120/120 121/121/121 121/121/121 
f 121/121/121 121/121/121 122/122/122 
f 121/121/121 122/122/122 122/122/122 
f 122/122/122 122/122/122 123/123/123 
f 122/122/122 124/124/124 123/123/123 
f 123/123/123 124/124/124 125/125/125 
f 124/124/124 125/125/125 125/125/125 
f 125/125/125 125/125/125 126/126/126 
f 125/125/125 126/126/126 126/126/126 
f 126/126/126 126/126/126 127/127/127 
f 126/126/126 128/128/128 127/127/127 
f 127/127/127 128/128/128 129/129/129 
f 128/128/128 129/129/129 129/129/129 
f 129/129/129 129/129/129 130/130/130 
f 129/129/129 130/130/130 130/130/130 
f 130/130/130 130/130/130 131/131/131 
f 130/130/130 132/132/132 131/131/131 
f 131/131/131 132/132/132 133/133/133 
f 132/132/132 133/133/133 133/133/133 
f 133/133/133 133/133/133 134/134/134 
f 133/133/133 134/134/134 134/134/134 
f 134/134/134 134/134/134 135/135/135 
f 134/134/134 136/136/136 135/135/135 
f 135/135/135 136/136/136 137/137/137 
f 136/136/136 137/137/137 137/137/137 
f 137/137/137 137/137/137 138/138/138 
f 137/137/137 138/138/138 138/138/138 
f 138/138/138 138/138/138 139/139/139 
f 138/138/138 140/140/140 139/139/139 
f 139/139/139 140/140/140 141/141/141 
f 140/140/140 141/141/141 141/141/141 
f 141/141/141 141/141/141 142/142/142 
f 141/141/141 142/142/142 142/142/142 
f 142/142/142 142/142/142 143/143/143 
f 142/142/142 144/144/144 143/143/143 
f 143/143/143 144/144/144 145/145/145 
f 144/144/144 145/145/145 145/145/145 
f 145/145/145 145/145/145 146/146/146 
f 145/145/145 146/146/146 146/146/146 
f 146/146/146 146/146/146 147/147/147 
f 146/146/146 148/148/148 147/147/147 
f 147/147/147 148/148/148 149/149/149 
f 148/148/148 149/149/149 149/149/149 
f 149/149/149 149/149/149 150/150/150 
f 149/149/149 150/150/150 150/150/150 
f 150/150/150 150/150/150 151/151/151 
f 150/150/150 152/152/152 151/151/151 
f 151/151/151 152/152/152 153/153/153 
f 152/152/152 153/153/153 153/153/153 
f 153/153/153 153/153/153 154/154/154 
f 153/153/153 154/154/154 154/154/154 
f 154/154/154 154/154/154 155/155/155 
f 154/154/154 156/156/156 155/155/155 
f 155/155/155 156/156/156 157/157/157 
f 156/156/156 157/157/157 157/157/157 
f 157/157/157 157/157/157 158/158/158 
f 157/157/157 158/158/158 158/158/158 
f 158/158/158 158/158/158 159/159/159 
f 158/158/158 160/160/160 159/159/159 
f 159/159/159 160/160/160 161/161/161 
f 160/160/160 161/161/161 161/161/161 
f 161/161/161 161/161/161 162/162/162 
f 161/161/161 162/162/162 162/162/162 
f 162/162/162 162/162/162 163/163/163 
f 162/162/162 164/164/164 163/163/163 
f 163/163/163 164/164/164 165/165/165 
f 164/164/164 165/165/165 165/165/165 
f 165/165/165 165/165/165 166/166/166 
f 165/165/165 166/166/166 166/166/166 
f 166/166/166 166/166/166 167/167/167 
f 166/166/166 168/168/168 167/167/167 
f 167/167/167 168/168/168 169/169/169 
f 168/168/168 169/169/169 169/169/169 
f 169/169/169 169/169/169 170/170/170 
f 169/169/169 170/170/170 170/170/170 
f 170/170/170 170/170/170 171/171/171 
f 170/170/170 172/172/172 171/171/171 
f 171/171/171 172/172/172 173/173/173 
f 172/172/172 173/173/173 173/173/173 
f 173/173/173 173/173/173 174/174/174 
f 173/173/173 174/174/174 174/174/174 
f 174/174/174 174/174/174 175/175/175 
f 174/174/174 176/176/176 175/175/175 
f 175/175/175 176/176/176 177/177/177 
f 176/176/176 177/177/177 177/177/177 
f 177/177/177 177/177/177 178/178/178 
f 177/177/177 178/178/178 178/178/178 
f 178/178/178 178/178/178 179/179/179 
f 178/178/178 180/180/180 179/179/179 
f 179/179/179 180/180/180 181/181/181 
f 180/180/180 181/181/181 181/181/181 
f 181/181/181 181/181/181 182/182/182 
f 181/181/181 182/182/182 182/182/182 
f 182/182/182 182/182/182 183/183/183 
f 182/182/182 184/184/184 183/183/183 
f 183/183/183 184/184/184 185/185/185 
f 184/184/184 185/185/185 185/185/185 
f 185/185/185 185/185/185 186/186/186 
f 185/185/185 186/186/186 186/186/186 
f 186/186/186 186/186/186 187/187/187 
f 186/186/186 188/188/188 187/187/187 
f 187/187/187 188/188/188 189/189/189 
f 188/188/188 189/189/189 189/189/189 
f 189/189/189 189/189/189 190/190/190 
f 189/189/189 190/190/190 190/190/190 
f 190/190/190 190/190/190 191/191/191 
f 190/190/190 192/192/192 191/191/191 
f 191/191/191 192/192/192 193/193/193 
f 192/192/192 193/193/193 193/193/193 
f 193/193/193 193/193/193 194/194/194 
f 193/193/193 194/194/194 194/194/194 
f 194/194/194 194/194/194 195/195/195 
f 194/194/194 196/196/196 195/195/195 
f 195/195/195 196/196/196 197/197/197 
f 196/196/196 197/197/197 197/197/197 
f 197/197/197 197/197/197 198/198/198 
f 197/197/197 198/198/198 198/198/198 
f 198/198/198 198/198/198 199/199/199 
f 198/198/198 200/200/200 199/199/199 
f 199/199/199 200/200/200 201/201/201 
f 200/200/200 201/201/201 201/201/201 
f 201/201/201 201/201/201 202/202/202 
f 201/201/201 202/202/202 202/202/202 
f 202/202/202 202/202/202 203/203/203 
f 202/202/202 204/204/204 203/203/203 
f 203/203/203 204/204/204 205/205/205 
f 204/204/204 205/205/205 205/205/205 
f 205/205/205 205/205/205 206/206/206 
f 205/205/205 206/206/206 206/206/206 
f 206/206/206 206/206/206 207/207/207 
f 206/206/206 208/208/208 207/207/207 
f 207/207/207 208/208/208 209/209/209 
f 208/208/208 209/209/209 209/209/209 
f 209/209/209 209/209/209 210/210/210 
f 209/209/209 210/210/210 210/210/210 
f 210/210/210 210/210/210 211/211/211 
f 210/210/210 212/212/212 211/211/211 
f 211/211/211 212/212/212 213/213/213 
f 212/212/212 213/213/213 213/213/213 
f 213/213/213 213/213/213 214/214/214 
f 213/213/213 214/214/214 214/214/214 
f 214/214/214 214/214/214 215/215/215 
f 214/214/214 216/216/216 215/215/215 
f 215/215/215 216/216/216 217/217/217 
f 216/216/216 217/217/217 217/217/217 
f 217/217/217 217/217/217 218/218/218 
f 217/217/217 218/218/218 218/218/218 
f 218/218/218 218/218/218 219/219/219 
f 218/218/218 220/220/220 219/219/219 
f 219/219/219 220/220/220 221/221/221 
f 220/220/220 221/221/221 221/221/221 
f 221/221/221 221/221/221 222/222/222 
f 221/221/221 222/222/222 222/222/222 
f 222/222/222 222/222/222 223/223/223 
f 222/222/222 224/224/224 223/223/223 
f 223/223/223 224/224/224 225/225/225 
f 224/224/224 225/225/225 225/225/225 
f 225/225/225 225/225/225 226/226/226 
f 225/225/225 226/226/226 226/226/226 
f 226/226/226 226/226/226 227/227/227 
f 226/226/226 228/228/228 227/227/227 
f 227/227/227 228/228/228 229/229/229 
f 228/228/228 229/229/229 229/229/229 
f 229/229/229 229/229/229 230/230/230 
f 229/229/229 230/230/230 230/230/230 
f 230/230/230 230/230/230 231/231/231 
f 230/230/230 232/232/232 231/231/231 
f 231/231/231 232/232/232 233/233/233 
f 232/232/232 233/233/233 233/233/233 
f 233/233/233 233/233/233 234/234/234 
f 233/233/233 234/234/234 234/234/234 
f 234/234/234 234/234/234 235/235/235 
f 234/234/234 236/236/236 235/235/235 
f 235/235/235 236/236/236 237/237/237 
f 236/236/236 237/237/237 237/237/237 
f 237/237/237 237/237/237 238/238/238 
f 237/237/237 238/238/238 238/238/238 
f 238/238/238 238/238/238 239/239/239 
f 238/238/238 240/240/240 239/239/239 
f 239/239/239 240/240/240 241/241/241 
f 240/240/240 241/241/241 241/241/241 
f 241/241/241 241/241/241 242/242/242 
f 241/241/241 242/242/242 242/242/242 
f 242/242/242 242/242/242 243/243/243 
f 242/242/242 244/244/244 243/243/243 
f 243/243/243 244/244/244 245/245/245 
f 244/244/244 245/245/245 245/245/245 
f 245/245/245 245/245/245 246/246/246 
f 245/245/245 246/246/246 246/246/246 
f 246/246/246 246/246/246 247/247/247 
f 246/246/246 248/248/248 247/247/247 
f 247/247/247 248/248/248 249/249/249 
f 248/248/248 249/249/249 249/249/249 
f 249/249/249 249/249/249 250/250/250 
f 249/249/249 250/250/250 250/250/250 
f 250/250/250 250/250/250 251/251/251 
f 250/250/250 252/252/252 251/251/251 
f 251/251/251 252/252/252 253/253/253 
f 252/252/252 253/253/253 253/253/253 
f 253/253/253 253/253/253 254/254/254 
f 253/253/253 254/254/254 254/254/254 
f 254/254/254 254/254/254 255/255/255 
f 254/254/254 256/256/256 255/255/255 
f 255/255/255 256/256/256 257/257/257 
f 256/256/256 257/257/257 257/257/257 
f 257/257/257 257/257/257 258/258/258 
f 257/257/257 258/258/258 258/258/258 
f 258/258/258 258/258/258 259/259/259 
f 258/258/258 260/260/260 259/259/259 
f 259/259/259 260/260/260 261/261/261 
f 260/260/260 261/261/261 261/261/261 
f 261/261/261 261/261/261 262/262/262 
f 261/261/261 262/262/262 262/262/262 
f 262/262/262 262/262/262 263/263/263 
f 262/262/262 264/264/264 263/263/263 
f 263/263/263 264/264/264 265/265/265 
f 264/264/264 265/265/265 265/265/265 
f 265/265/265 265/265/265 266/266/266 
f 265/265/265 266/266/266 266/266/266 
f 266/266/266 266/266/266 267/267/267 
f 266/266/266 268/268/268 267/267/267 
f 267/267/267 268/268/268 269/269/269 
f 268/268/268 269/269/269 269/269/269 
f 269/269/269 269/269/269 270/270/270 
f 269/269/269 270/270/270 270/270/270 
f 270/270/270 270/270/270 271/271/271 
f 270/270/270 272/272/272 271/271/271 
f 271/271/271 272/272/272 273/273/273 
f 272/272/272 273/273/273 273/273/273 
f 273/273/273 273/273/273 274/274/274 
f 273/273/273 274/274/274 274/274/274 
f 274/274/274 274/274/274 275/275/275 
f 274/274/274 276/276/276 275/275/275 
f 275/275/275 276/276/276 277/277/277 
f 276/276/276 277/277/277 277/277/277 
f 277/277/277 277/277/277 278/278/278 
f 277/277/277 278/278/278 278/278/278 
f 278/278/278 278/278/278 279/279/279 
f 278/278/278 280/280/280 279/279/279 
f 279/279/279 280/280/280 281/281/281 
f 280/280/280 281/281/281 281/281/281 
f 281/281/281 281/281/281 282/282/282 
f 281/281/281 282/282/282 282/282/282 
f 282/282/282 282/282/282 283/283/283 
f 282/282/282 284/284/284 283/283/283 
f 283/283/283 284/284/284 285/285/285 
f 284/284/284 285/285/285 285/285/285 
f 285/285/285 285/285/285 286/286/286 
f 285/285/285 286/286/286 286/286/286 
f 286/286/286 286/286/286 287/287/287 
f 286/286/286 288/288/288 287/287/287 
f 287/287/287 288/288/288 289/289/289 
f 288/288/288 289/289/289 289/289/289 
f 289/289/289 289/289/289 290/290/290 
f 289/289/289 290/290/290 290/290/290 
f 290/290/290 290/290/290 291/291/291 
f 290/290/290 292/292/292 291/291/291 
f 291/291/291 292/292/292 293/293/293 
f 292/292/292 293/293/293 293/293/293 
f 293/293/293 293/293/293 294/294/294 
f 293/293/293 294/294/294 294/294/294 
f 294/294/294 294/294/294 295/295/295 
f 294/294/294 296/296/296 295/295/295 
f 295/295/295 296/296/296 297/297/297 
f 296/296/296 297/297/297 297/297/297 
f 297/297/297 297/297/297 298/298/298 
f 297/297/297 298/298/298 298/298/298 
f 298/298/298 298/298/298 299/299/299 
f 298/298/298 300/300/300 299/299/299 
f 299/299/299 300/300/300 301/301/301 
f 300/300/300 301/301/301 301/301/301 
f 301/301/301 301/301/301 302/302/302 
f 301/301/301 302/302/302 302/302/302 
f 302/302/302 302/302/302 303/303/303 
f 302/302/302 304/304/304 303/303/303 
f 303/303/303 304/304/304 305/305/305 
f 304/304/304 305/305/305 305/305/305 
f 305/305/305 305/305/305 306/306/306 
f 305/305/305 306/306/306 306/306/306 
f 306/306/306 306/306/306 307/307/307 
f 306/306/306 308/308/308 307/307/307 
f 307/307/307 308/308/308 309/309/309 
f 308/308/308 309/309/309 309/309/309 
f 309/309/309 309/309/309 310/310/310 
f 309/309/309 310/310/310 310/310/310 
f 310/310/310 310/310/310 311/311/311 
f 310/310/310 312/312/312 311/311/311 
f 311/311/311 312/312/312 313/313/313 
f 312/312/312 313/313/313 313/313/313 
f 313/313/313 313/313/313 314/314/314 
f 313/313/313 314/314/314 314/314/314 
f 314/314/314 314/314/314 315/315/315 
f 314/314/314 316/316/316 315/315/315 
f 315/315/315 316/316/316 317/317/317 
f 316/316/316 317/317/317 317/317/317 
f 317/317/317 317/317/317 318/318/318 
f 317/317/317 318/318/318 318/318/318 
f 318/318/318 318/318/318 319/319/319 
f 318/318/318 320/320/320 319/319/319 
f 319/319/319 320/320/320 321/321/321 
f 320/320/320 321/321/321 321/321/321 
f 321/321/321 321/321/321 322/322/322 
f 321/321/321 322/322/322 322/322/322 
f 322/322/322 322/322/322 323/323/323 
f 322/322/322 324/324/324 323/323/323 
f 323/323/323 324/324/324 325/325/325 
f 324/324/324 325/325/325 325/325/325 
f 325/325/325 325/325/325 326/326/326 
f 325/325/325 326/326/326 326/326/326 
f 326/326/326 326/326/326 327/327/327 
f 326/326/326 328/328/328 327/327/327 
f 327/327/327 328/328/328 329/329/329 
f 328/328/328 329/329/329 329/329/329 
f 329/329/329 329/329/329 330/330/330 
f 329/329/329 330/330/330 330/330/330 
f 330/330/330 330/330/330 331/331/331 
f 330/330/330 332/332/332 331/331/331 
f 331/331/331 332/332/332 333/333/333 
f 332/332/332 333/333/333 333/333/333 
f 333/333/333 333/333/333 334/334/334 
f 333/333/333 334/334/334 334/334/334 
f 334/334/334 334/334/334 335/335/335 
f 334/334/334 336/336/336 335/335/335 
f 335/335/335 336/336/336 337/337/337 
f 336/336/336 337/337/337 337/337/337 
f 337/337/337 337/337/337 338/338/338 
f 337/337/337 338/338/338 338/338/338 
f 338/338/338 338/338/338 339/339/339 
f 338/338/338 340/340/340 339/339/339 
f 339/339/339 340/340/340 341/341/341 
f 340/340/340 341/341/341 341/341/341 
f 341/341/341 341/341/341 342/342/342 
f 341/341/341 342/342/342 342/342/342 
f 342/342/342 342/342/342 343/343/343 
f 342/342/342 344/344/344 343/343/343 
f 343/343/343 344/344/344 345/345/345 
f 344/344/344 345/345/345 345/345/345 
f 345/345/345 345/345/345 346/346/346 
f 345/345/345 346/346/346 346/346/346 
f 346/346/346 346/346/346 347/347/347 
f 346/346/346 348/348/348 347/347/347 
f 347/347/347 348/348/348 349/349/349 
f 348/348/348 349/349/349 349/349/349 
f 349/349/349 349/349/349 350/350/350 
f 349/349/349 350/350/350 350/350/350 
f 350/350/350 350/350/350 351/351/351 
f 350/350/350 352/352/352 351/351/351 
f 351/351/351 352/352/352 353/353/353 
f 352/352/352 353/353/353 353/353/353 
f 353/353/353 353/353/353 354/354/354 
f 353/353/353 354/354/354 354/354/354 
f 354/354/354 354/354/354 355/355/355 
f 354/354/354 356/356/356 355/355/355 
f 355/355/355 356/356/356 357/357/357 
f 356/356/356 357/357/357 357/357/357 
f 357/357/357 357/357/357 358/358/358 
f 357/357/357 358/358/358 358/358/358 
f 358/358/358 358/358/358 359/359/359 
f 358/358/358 360/360/360 359/359/359 
f 359/359/359 360/360/360 361/361/361 
f 360/360/360 361/361/361 361/361/361 
f 361/361/361 361/361/361 362/362/362 
f 361/361/361 362/362/362 362/362/362 
f 362/362/362 362/362/362 363/363/363 
f 362/362/362 364/364/364 363/363/363 
f 363/363/363 364/364/364 365/365/365 
f 364/364/364 365/365/365 365/365/365 
f 365/365/365 365/365/365 366/366/366 
f 365/365/365 366/366/366 366/366/366 
f 366/366/366 366/366/366 367/367/367 
f 366/366/366 368/368/368 367/367/367 
f 367/367/367 368/368/368 369/369/369 
f 368/368/368 369/369/369 369/369/369 
f 369/369/369 369/369/369 370/370/370 
f 369/369/369 370/370/370 370/370/370 
f 370/370/370 370/370/370 371/371/371 
f 370/370/370 372/372/372 371/371/371 
f 371/371/371 372/372/372 373/373/373 
f 372/372/372 373/373/373 373/373/373 
f 373/373/373 373/373/373 374/374/374 
f 373/373/373 374/374/374 374/374/374 
f 374/374/374 374/374/374 375/375/375 
f 374/374/374 376/376/376 375/375/375 
f 375/375/375 376/376/376 377/377/377 
f 376/376/376 377/377/377 377/377/377 
f 377/377/377 377/377/377 378/378/378 
f 377/377/377 378/378/378 378/378/378 
f 378/378/378 378/378/378 379/379/379 
f 378/378/378 380/380/380 379/379/379 
f 379/379/379 380/380/380 381/381/381 
f 380/380/380 381/381/381 381/381/381 
f 381/381/381 381/381/381 382/382/382 
f 381/381/381 382/382/382 382/382/382 
f 382/382/382 382/382/382 383/383/383 
f 382/382/382 384/384/384 383/383/383 
f 383/383/383 384/384/384 385/385/385 
f 384/384/384 385/385/385 385/385/385 
f 385/385/385 385/385/385 386/386/386 
f 385/385/385 386/386/386 386/386/386 
f 386/386/386 386/386/386 387/387/387 
f 386/386/386 388/388/388 387/387/387 
f 387/387/387 388/388/388 389/389/389 
f 388/388/388 389/389/389 389/389/389 
f 389/389/389 389/389/389 390/390/390 
f 389/389/389 390/390/390 390/390/390 
f 390/390/390 390/390/390 391/391/391 
f 390/390/390 392/392/392 391/391/391 
f 391/391/391 392/392/392 393/393/393 
f 392/392/392 393/393/393 393/393/393 
f 393/393/393 393/393/393 394/394/394 
f 393/393/393 394/394/394 394/394/394 
f 394/394/394 394/394/394 395/395/395 
f 394/394/394 396/396/396 395/395/395 
f 395/395/395 396/396/396 397/397/397 
f 396/396/396 397/397/397 397/397/397 
f 397/397/397 397/397/397 398/398/398 
f 397/397/397 398/398/398 398/398/398 
f 398/398/398 398/398/398 399/399/399 
f 398/398/398 400/400/400 399/399/399 
f 399/399/399 400/400/400 401/401/401 
f 400/400/400 401/401/401 401/401/401 
f 401/401/401 401/401/401 402/402/402 
f 401/401/401 402/402/402 402/402/402 
f 402/402/402 402/402/402 403/403/403 
f 402/402/402 404/404/404 403/403/403 
f 403/403/403 404/404/404 405/405/405 
f 404/404/404 405/405/405 405/405/405 
f 405/405/405 405/405/405 406/406/406 
f 405/405/405 406/406/406 406/406/406 
f 406/406/406 406/406/406 407/407/407 
f 406/406/406 408/408/408 407/407/407 
f 407/407/407 408/408/408 409/409/409 
f 408/408/408 409/409/409 409/409/409 
f 409/409/409 409/409/409 410/410/410 
f 409/409/409 410/410/410 410/410/410 
f 410/410/410 410/410/410 411/411/411 
f 410/410/410 412/412/412 411/411/411 
f 411/411/411 412/412/412 413/413/413 
f 412/412/412 413/413/413 413/413/413 
f 413/413/413 413/413/413 414/414/414 
f 413/413/413 414/414/414 414/414/414 
f 414/414/414 414/414/414 415/415/415 
f 414/414/414 416/416/416 415/415/415 
f 415/415/415 416/416/416 417/417/417 
f 416/416/416 417/417/417 417/417/417 
f 417/417/417 417/417/417 418/418/418 
f 417/417/417 418/418/418 418/418/418 
f 418/418/418 418/418/418 419/419/419 
f 418/418/418 420/420/420 419/419/419 
f 419/419/419 420/420/420 421/421/421 
f 420/420/420 421/421/421 421/421/421 
f 421/421/421 421/421/421 422/422/422 
f 421/421/421 422/422/422 422/422/422 
f 422/422/422 422/422/422 423/423/423 
f 422/422/422 424/424/424 423/423/423 
f 423/423/423 424/424/424 425/425/425 
f 424/424/424 425/425/425 425/425/425 
f 425/425/425 425/425/425 426/426/426 
f 425/425/425 426/426/426 426/426/426 
f 426/426/426 426/426/426 427/427/427 
f 426/426/426 428/428/428 427/427/427 
f 427/427/427 428/428/428 429/429/429 
f 428/428/428 429/429/429 429/429/429 
f 429/429/429 429/429/429 430/430/430 
f 429/429/429 430/430/430 430/430/430 
f 430/430/430 430/430/430 431/431/431 
f 430/430/430 432/432/432 431/431/431 
f 431/431/431 432/432/432 433/433/433 
f 432/432/432 433/433/433 433/433/433 
f 433/433/433 433/433/433 434/434/434 
f 433/433/433 434/434/434 434/434/434 
f 434/434/434 434/434/434 435/435/435 
f 434/434/434 436/436/436 435/435/435 
f 435/435/435 436/436/436 437/437/437 
f 436/436/436 437/437/437 437/437/437 
f 437/437/437 437/437/437 438/438/438 
f 437/437/437 438/438/438 438/438/438 
f 438/438/438 438/438/438 439/439/439 
f 438/438/438 440/440/440 439/439/439 
f 439/439/439 440/440/440 441/441/441 
f 440/440/440 441/441/441 441/441/441 
f 441/441/441 441/441/441 442/442/442 
f 441/441/441 442/442/442 442/442/442 
f 442/442/442 442/442/442 443/443/443 
f 442/442/442 444/444/444 443/443/443 
f 443/443/443 444/444/444 445/445/445 
f 444/444/444 445/445/445 445/445/445 
f 445/445/445 445/445/445 446/446/446 
f 445/445/445 446/446/446 446/446/446 
f 446/446/446 446/446/446 447/447/447 
f 446/446/446 448/448/448 447/447/447 
f 447/447/447 448/448/448 449/449/449 
f 448/448/448 449/449/449 449/449/449 
f 449/449/449 449/449/449 450/450/450 
f 449/449/449 450/450/450 450/450/450 
f 450/450/450 450/450/450 451/451/451 
f 450/450/450 452/452/452 451/451/451 
f 451/451/451 452/452/452 453/453/453 
f 452/452/452 453/453/453 453/453/453 
f 453/453/453 453/453/453 454/454/454 
f 453/453/453 454/454/454 454/454/454 
f 454/454/454 454/454/454 455/455/455 
f 454/454/454 456/456/456 455/455/455 
f 455/455/455 456/456/456 457/457/457 
f 456/456/456 457/457/457 457/457/457 
f 457/457/457 457/457/457 458/458/458 
f 457/457/457 458/458/458 458/458/458 
f 458/458/458 458/458/458 459/459/459 
f 458/458/458 460/460/460 459/459/459 
f 459/459/459 460/460/460 461/461/461 
f 460/460/460 461/461/461 461/461/461 
f 461/461/461 461/461/461 462/462/462 
f 461/461/461 462/462/462 462/462/462 
f 462/462/462 462/462/462 463/463/463 
f 462/462/462 464/464/464 463/463/463 
f 463/463/463 464/464/464 465/465/465 
f 464/464/464 465/465/465 465/465/465 
f 465/465/465 465/465/465 466/466/466 
f 465/465/465 466/466/466 466/466/466 
f 466/466/466 466/466/466 467/467/467 
f 466/466/466 468/468/468 467/467/467 
f 467/467/467 468/468/468 469/469/469 
f 468/468/468 469/469/469 469/469/469 
f 469/469/469 469/469/469 470/470/470 
f 469/469/469 470/470/470 470/470/470 
f 470/470/470 470/470/470 471/471/471 
f 470/470/470 472/472/472 471/471/471 
f 471/471/471 472/472/472 473/473/473 
f 472/472/472 473/473/473 473/473/473 
f 473/473/473 473/473/473 474/474/474 
f 473/473/473 474/474/474 474/474/474 
f 474/474/474 474/474/474 475/475/475 
f 474/474/474 476/476/476 475/475/475 
f 475/475/475 476/476/476 477/477/477 
f 476/476/476 477/477/477 477/477/477 
f 477/477/477 477/477/477 478/478/478 
f 477/477/477 478/478/478 478/478/478 
f 478/478/478 478/478/478 479/479/479 
f 478/478/478 480/480/480 479/479/479 
f 479/479/479 480/480/480 481/481/481 
f 480/480/480 481/481/481 481/481/481 
f 481/481/481 481/481/481 482/482/482 
f 481/481/481 482/482/482 482/482/482 
f 482/482/482 482/482/482 483/483/483 
f 482/482/482 484/484/484 483/483/483 
f 483/483/483 484/484/484 485/485/485 
f 484/484/484 485/485/485 485/485/485 
f 485/485/485 485/485/485 486/486/486 
f 485/485/485 486/486/486 486/486/486 
f 486/486/486 486/486/486 487/487/487 
f 486/486/486 488/488/488 487/487/487 
f 487/487/487 488/488/488 489/489/489 
f 488/488/488 489/489/489 489/489/489 
f 489/489/489 489/489/489 490/490/490 
f 489/489/489 490/490/490 490/490/490 
f 490/490/490 490/490/490 491/491/491 
f 490/490/490 492/492/492 491/491/491 
f 491/491/491 492/492/492 493/493/493 
f 492/492/492 493/493/493 493/493/493 
f 493/493/493 493/493/493 494/494/494 
f 493/493/493 494/494/494 494/494/494 
f 494/494/494 494/494/494 495/495/495 
f 494/494/494 496/496/496 495/495/495 
f 495/495/495 496/496/496 497/497/497 
f 496/496/496 497/497/497 497/497/497 
f 497/497/497 497/497/497 498/498/498 
f 497/497/497 498/498/498 498/498/498 
f 498/498/498 498/498/498 499/499/499 
f 498/498/498 500/500/500 499/499/499 
f 499/499/499 500/500/500 501/501/501 
f 500/500/500 501/501/501 501/501/501 
f 501/501/501 501/501/501 502/502/502 
f 501/501/501 502/502/502 502/502/502 
f 502/502/502 502/502/502 503/503/503 
f 502/502/502 504/504/504 503/503/503 
f 503/503/503 504/504/504 505/505/505 
f 504/504/504 505/505/505 505/505/505 
f 505/505/505 505/505/505 506/506/506 
f 505/505/505 506/506/506 506/506/506 
f 506/506/506 506/506/506 507/507/507 
f 506/506/506 508/508/508 507/507/507 
f 507/507/507 508/508/508 509/509/509 
f 508/508/508 509/509/509 509/509/509 
f 509/509/509 509/509/509 510/510/510 
f 509/509/509 510/510/510 510/510/510 
f 510/510/510 510/510/510 511/511/511 
f 510/510/510 512/512/512 511/511/511 
f 511/511/511 512/512/512 513/513/513 
f 512/512/512 513/513/513 513/513/513 
f 513/513/513 513/513/513 514/514/514 
f 513/513/513 514/514/514 514/514/514 
f 514/514/514 514/514/514 515/515/515 
f 514/514/514 516/516/516 515/515/515 
f 515/515/515 516/516/516 517/517/517 
f 516/516/516 517/517/517 517/517/517 
f 517/517/517 517/517/517 518/518/518 
f 517/517/517 518/518/518 518/518/518 
f 518/518/518 518/518/518 519/519/519 
f 518/518/518 520/520/520 519/519/519 
f 519/519/519 520/520/520 521/521/521 
f 520/520/520 521/521/521 521/521/521 
f 521/521/521 521/521/521 522/522/522 
f 521/521/521 522/522/522 522/522/522 
f 522/522/522 522/522/522 523/523/523 
f 522/522/522 524/524/524 523/523/523 
f 523/523/523 524/524/524 525/525/525 
f 524/524/524 525/525/525 525/525/525 
f 525/525/525 525/525/525 526/526/526 
f 525/525/525 526/526/526 526/526/526 
f 526/526/526 526/526/526 527/527/527 
f 526/526/526 528/528/528 527/527/527 
f 527/527/527 528/528/528 529/529/529 
f 528/528/528 529/529/529 529/529/529 
f 529/529/529 529/529/529 530/530/530 
f 529/529/529 530/530/530 530/530/530 
f 530/530/530 530/530/530 531/531/531 
f 530/530/530 532/532/532 531/531/531 
f 531/531/531 532/532/532 533/533/533 
f 532/532/532 533/533/533 533/533/533 
f 533/533/533 533/533/533 534/534/534 
f 533/533/533 534/534/534 534/534/534 
f 534/534/534 534/534/534 535/535/535 
f 534/534/534 536/536/536 535/535/535 
f 535/535/535 536/536/536 537/537/537 
f 536/536/536 537/537/537 537/537/537 
f 537/537/537 537/537/537 538/538/538 
f 537/537/537 538/538/538 538/538/538 
f 538/538/538 538/538/538 539/539/539 
f 538/538/538 540/540/540 539/539/539 
f 539/539/539 540/540/540 541/541/541 
f 540/540/540 541/541/541 541/541/541 
f 541/541/541 541/541/541 542/542/542 
f 541/541/541 542/542/542 542/542/542 
f 542/542/542 542/542/542 543/543/543 
f 542/542/542 544/544/544 543/543/543 
f 543/543/543 544/544/544 545/545/545 
f 544/544/544 545/545/545 545/545/545 
f 545/545/545 545/545/545 546/546/546 
f 545/545/545 546/546/546 546/546/546 
f 546/546/546 546/546/546 547/547/547 
f 546/546/546 548/548/548 547/547/547 
f 547/547/547 548/548/548 549/549/549 
f 548/548/548 549/549/549 549/549/549 
f 549/549/549 549/549/549 550/550/550 
f 549/549/549 550/550/550 550/550/550 
f 550/550/550 550/550/550 551/551/551 
f 550/550/550 552/552/552 551/551/551 
f 551/551/551 552/552/552 553/553/553 
f 552/552/552 553/553/553 553/553/553 
f 553/553/553 553/553/553 554/554/554 
f 553/553/553 554/554/554 554/554/554 
f 554/554/554 554/554/554 555/555/555 
f 554/554/554 556/556/556 555/555/555 
f 555/555/555 556/556/556 557/557/557 
f 556/556/556 557/557/557 557/557/557 
f 557/557/557 557/557/557 558/558/558 
f 557/557/557 558/558/558 558/558/558 
f 558/558/558 558/558/558 559/559/559 
f 558/558/558 560/560/560 559/559/559 
f 559/559/559 560/560/560 561/561/561 
f 560/560/560 561/561/561 561/561/561 
f 561/561/561 561/561/561 562/562/562 
f 561/561/561 562/562/562 562/562/562 
f 562/562/562 562/562/562 563/563/563 
f 562/562/562 564/564/564 563/563/563 
f 563/563/563 564/564/564 565/565/565 
f 564/564/564 565/565/565 565/565/565 
f 565/565/565 565/565/565 566/566/566 
f 565/565/565 566/566/566 566/566/566 
f 566/566/566 566/566/566 567/567/567 
f 566/566/566 568/568/568 567/567/567 
f 567/567/567 568/568/568 569/569/569 
f 568/568/568 569/569/569 569/569/569 
f 569/569/569 569/569/569 570/570/570 
f 569/569/569 570/570/570 570/570/570 
f 570/570/570 570/570/570 571/571/571 
f 570/570/570 572/572/572 571/571/571 
f 571/571/571 572/572/572 573/573/573 
f 572/572/572 573/573/573 573/573/573 
f 573/573/573 573/573/573 574/574/574 
f 573/573/573 574/574/574 574/574/574 
f 574/574/574 574/574/574 575/575/575 
f 574/574/574 576/576/576 575/575/575 
f 575/575/575 576/576/576 577/577/577 
f 576/576/576 577/577/577 577/577/577 
f 577/577/577 577/577/577 578/578/578 
f 577/577/577 578/578/578 578/578/578 
f 578/578/578 578/578/578 579/579/579 
f 578/578/578 580/580/580 579/579/579 
f 579/579/579 580/580/580 579/579/579 
f 580/580/580 581/581/581 579/579/579 
f 579/579/579 581/581/581 582/582/582 
f 581/581/581 582/582/582 582/582/582 
f 582/582/582 582/582/582 583/583/583 
f 582/582/582 583/583/583 583/583/583 
f 583/583/583 583/583/583 584/584/584 
f 583/583/583 585/585/585 584/584/584 
f 584/584/584 585/585/585 586/586/586 
f 585/585/585 586/586/586 586/586/586 
f 586/586/586 586/586/586 587/587/587 
f 586/586/586 587/587/587 587/587/587 
f 587/587/587 587/587/587 588/588/588 
f 587/587/587 589/589/589 588/588/588 
f 588/588/588 589/589/589 590/590/590 
f 589/589/589 590/590/590 590/590/590 
f 590/590/590 590/590/590 591/591/591 
f 590/590/590 591/591/591 591/591/591 
f 591/591/591 591/591/591 592/592/592 
f 591/591/591 593/593/593 592/592/592 
f 592/592/592 593/593/593 594/594/594 
f 593/593/593 594/594/594 594/594/594 
f 594/594/594 594/594/594 595/595/595 
f 594/594/594 595/595/595 595/595/595 
f 595/595/595 595/595/595 596/596/596 
f 595/595/595 597/597/597 596/596/596 
f 596/596/596 597/597/597 598/598/598 
f 597/597/597 598/598/598 598/598/598 
f 598/598/598 598/598/598 599/599/599 
f 598/598/598 599/599/599 599/599/599 
f 599/599/599 599/599/599 600/600/600 
f 599/599/599 601/601/601 600/600/600 
f 600/600/600 601/601/601 602/602/602 
f 601/601/601 602/602/602 602/602/602 
f 602/602/602 602/602/602 603/603/603 
f 602/602/602 603/603/603 603/603/603 
f 603/603/603 603/603/603 604/604/604 
f 603/603/603 605/605/605 604/604/604 
f 604/604/604 605/605/605 606/606/606 
f 605/605/605 606/606/606 606/606/606 
f 606/606/606 606/606/606 607/607/607 
f 606/606/606 607/607/607 607/607/607 
f 607/607/607 607/607/607 608/608/608 
f 607/607/607 609/609/609 608/608/608 
f 608/608/608 609/609/609 610/610/610 
f 609/609/609 610/610/610 610/610/610 
f 610/610/610 610/610/610 611/611/611 
f 610/610/610 611/611/611 611/611/611 
f 611/611/611 611/611/611 612/612/612 
f 611/611/611 613/613/613 612/612/612 
f 612/612/612 613/613/613 614/614/614 
f 613/613/613 614/614/614 614/614/614 
f 614/614/614 614/614/614 615/615/615 
f 614/614/614 615/615/615 615/615/615 
f 615/615/615 615/615/615 616/616/616 
f 615/615/615 617/617/617 616/616/616 
f 616/616/616 617/617/617 618/618/618 
f 617/617/617 618/618/618 618/618/618 
f 618/618/618 618/618/618 619/619/619 
f 618/618/618 619/619/619 619/619/619 
f 619/619/619 619/619/619 620/620/620 
f 619/619/619 621/621/621 620/620/620 
f 620/620/620 621/621/621 622/622/622 
f 621/621/621 622/622/622 622/622/622 
f 622/622/622 622/622/622 623/623/623 
f 622/622/622 623/623/623 623/623/623 
f 623/623/623 623/623/623 624/624/624 
f 623/623/623 625/625/625 624/624/624 
f 624/624/624 625/625/625 626/626/626 
f 625/625/625 626/626/626 626/626/626 
f 626/626/626 626/626/626 627/627/627 
f 626/626/626 627/627/627 627/627/627 
f 627/627/627 627/627/627 628/628/628 
f 627/627/627 629/629/629 628/628/628 
f 628/628/628 629/629/629 630/630/630 
f 629/629/629 630/630/630 630/630/630 
f 630/630/630 630/630/630 631/631/631 
f 630/630/630 631/631/631 631/631/631 
f 631/631/631 631/631/631 632/632/632 
f 631/631/631 633/633/633 632/632/632 
f 632/632/632 633/633/633 634/634/634 
f 633/633/633 634/634/634 634/634/634 
f 634/634/634 634/634/634 635/635/635 
f 634/634/634 635/635/635 635/635/635 
f 635/635/635 635/635/635 636/636/636 
f 635/635/635 637/637/637 636/636/636 
f 636/636/636 637/637/637 638/638/638 
f 637/637/637 638/638/638 638/638/638 
f 638/638/638 638/638/638 639/639/639 
f 638/638/638 639/639/639 639/639/639 
f 639/639/639 639/639/639 640/640/640 
f 639/639/639 641/641/641 640/640/640 
f 640/640/640 641/641/641 642/642/642 
f 641/641/641 642/642/642 642/642/642 
f 642/642/642 642/642/642 643/643/643 
f 642/642/642 643/643/643 643/643/643 
f 643/643/643 643/643/643 644/644/644 
f 643/643/643 645/645/645 644/644/644 
f 644/644/644 645/645/645 646/646/646 
f 645/645/645 646/646/646 646/646/646 
f 646/646/646 646/646/646 647/647/647 
f 646/646/646 647/647/647 647/647/647 
f 647/647/647 647/647/647 648/648/648 
f 647/647/647 649/649/649 648/648/648 
f 648/648/648 649/649/649 650/650/650 
f 649/649/649 650/650/650 650/650/650 
f 650/650/650 650/650/650 651/651/651 
f 650/650/650 651/651/651 651/651/651 
f 651/651/651 651/651/651 652/652/652 
f 651/651/651 653/653/653 652/652/652 
f 652/652/652 653/653/653 654/654/654 
f 653/653/653 654/654/654 654/654/654 
f 654/654/654 654/654/654 655/655/655 
f 654/654/654 655/655/655 655/655/655 
f 655/655/655 655/655/655 656/656/656 
f 655/655/655 657/657/657 656/656/656 
f 656/656/656 657/657/657 658/658/658 
f 657/657/657 658/658/658 658/658/658 
f 658/658/658 658/658/658 659/659/659 
f 658/658/658 659/659/659 659/659/659 
f 659/659/659 659/659/659 660/660/660 
f 659/659/659 661/661/661 660/660/660 
f 660/660/660 661/661/661 662/662/662 
f 661/661/661 662/662/662 662/662/662 
f 662/662/662 662/662/662 663/663/663 
f 662/662/662 663/663/663 663/663/663 
f 663/663/663 663/663/663 664/664/664 
f 663/663/663 665/665/665 664/664/664 
f 664/664/664 665/665/665 666/666/666 
f 665/665/665 666/666/666 666/666/666 
f 666/666/666 666/666/666 667/667/667 
f 666/666/666 667/667/667 667/667/667 
f 667/667/667 667/667/667 668/668/668 
f 667/667/667 669/669/669 668/668/668 
f 668/668/668 669/669/669 670/670/670 
f 669/669/669 670/670/670 670/670/670 
f 670/670/670 670/670/670 671/671/671 
f 670/670/670 671/671/671 671/671/671 
f 671/671/671 671/671/671 672/672/672 
f 671/671/671 673/673/673 672/672/672 
f 672/672/672 673/673/673 674/674/674 
f 673/673/673 674/674/674 674/674/674 
f 674/674/674 674/674/674 675/675/675 
f 674/674/674 675/675/675 675/675/675 
f 675/675/675 675/675/675 676/676/676 
f 675/675/675 677/677/677 676/676/676 
f 676/676/676 677/677/677 676/676/676 
f 677/677/677 678/678/678 676/676/676 
f 676/676/676 678/678/678 679/679/679 
f 678/678/678 679/679/679 679/679/679 
f 679/679/679 679/679/679 680/680/680 
f 679/679/679 680/680/680 680/680/680 
f 680/680/680 680/680/680 681/681/681 
f 680/680/680 682/682/682 681/681/681 
f 681/681/681 682/682/682 683/683/683 
f 682/682/682 683/683/683 683/683/683 
f 683/683/683 683/683/683 684/684/684 
f 683/683/683 684/684/684 684/684/684 
f 684/684/684 684/684/684 685/685/685 
f 684/684/684 686/686/686 685/685/685 
f 685/685/685 686/686/686 687/687/687 
f 686/686/686 687/687/687 687/687/687 
f 687/687/687 687/687/687 688/688/688 
f 687/687/687 688/688/688 688/688/688 
f 688/688/688 688/688/688 689/689/689 
f 688/688/688 690/690/690 689/689/689 
f 689/689/689 690/690/690 691/691/691 
f 690/690/690 691/691/691 691/691/691 
f 691/691/691 691/691/691 692/692/692 
f 691/691/691 692/692/692 692/692/692 
f 692/692/692 692/692/692 693/693/693 
f 692/692/692 694/694/694 693/693/693 
f 693/693/693 694/694/694 695/695/695 
f 694/694/694 695/695/695 695/695/695 
f 695/695/695 695/695/695 696/696/696 
f 695/695/695 696/696/696 696/696/696 
f 696/696/696 696/696/696 697/697/697 
f 696/696/696 698/698/698 697/697/697 
f 697/697/697 698/698/698 699/699/699 
f 698/698/698 699/699/699 699/699/699 
f 699/699/699 699/699/699 700/700/700 
f 699/699/699 700/700/700 700/700/700 
f 700/700/700 700/700/700 701/701/701 
f 700/700/700 702/702/702 701/701/701 
f 701/701/701 702/702/702 703/703/703 
f 702/702/702 703/703/703 703/703/703 
f 703/703/703 703/703/703 704/704/704 
f 703/703/703 704/704/704 704/704/704 
f 704/704/704 704/704/704 705/705/705 
f 704/704/704 706/706/706 705/705/705 
f 705/705/705 706/706/706 707/707/707 
f 706/706/706 707/707/707 707/707/707 
f 707/707/707 707/707/707 708/708/708 
f 707/707/707 708/708/708 708/708/708 
f 708/708/708 708/708/708 709/709/709 
f 708/708/708 710/710/710 709/709/709 
f 709/709/709 710/710/710 711/711/711 
f 710/710/710 711/711/711 711/711/711 
f 711/711/711 711/711/711 712/712/712 
f 711/711/711 712/712/712 712/712/712 
f 712/712/712 712/712/712 713/713/713 
f 712/712/712 714/714/714 713/713/713 
f 713/713/713 714/714/714 713/713/713 
f 714/714/714 715/715/715 713/713/713 
f 713/713/713 715/715/715 716/716/716 
f 715/715/715 716/716/716 716/716/716 
f 716/716/716 716/716/716 717/717/717 
f 716/716/716 717/717/717 717/717/717 
f 717/717/717 717/717/717 718/718/718 
f 717/717/717 719/719/719 718/718/718 
f 718/718/718 719/719/719 720/720/720 
f 719/719/719 720/720/720 720/720/720 
f 720/720/720 720/720/720 721/721/721 
f 720/720/720 721/721/721 721/721/721 
f 721/721/721 721/721/721 722/722/722 
f 721/721/721 723/723/723 722/722/722 
f 722/722/722 723/723/723 724/724/724 
f 723/723/723 724/724/724 724/724/724 
f 724/724/724 724/724/724 725/725/725 
f 724/724/724 725/725/725 725/725/725 
f 725/725/725 725/725/725 726/726/726 
f 725/725/725 727/727/727 726/726/726 
f 726/726/726 727/727/727 728/728/728 
f 727/727/727 728/728/728 728/728/728 
f 728/728/728 728/728/728 729/729/729 
f 728/728/728 729/729/729 729/729/729 
f 729/729/729 729/729/729 730/730/730 
f 729/729/729 731/731/731 730/730/730 
f 730/730/730 731/731/731 732/732/732 
f 731/731/731 732/732/732 732/732/732 
f 732/732/732 732/732/732 733/733/733 
f 732/732/732 733/733/733 733/733/733 
f 733/733/733 733/733/733 734/734/734 
f 733/733/733 735/735/735 734/734/734 
f 734/734/734 735/735/735 736/736/736 
f 735/735/735 736/736/736 736/736/736 
f 736/736/736 736/736/736 737/737/737 
f 736/736/736 737/737/737 737/737/737 
f 737/737/737 737/737/737 738/738/738 
f 737/737/737 739/739/739 738/738/738 
f 738/738/738 739/739/739 740/740/740 
f 739/739/739 740/740/740 740/740/740 
f 740/740/740 740/740/740 741/741/741 
f 740/740/740 741/741/741 741/741/741 
f 741/741/741 741/741/741 742/742/742 
f 741/741/741 743/743/743 742/742/742 
f 742/742/742 743/743/743 744/744/744 
f 743/743/743 744/744/744 744/744/744 
f 744/744/744 744/744/744 745/745/745 
f 744/744/744 745/745/745 745/745/745 
f 745/745/745 745/745/745 746/746/746 
f 745/745/745 747/747/747 746/746/746 
f 746/746/746 747/747/747 748/748/748 
f 747/747/747 748/748/748 748/748/748 
f 748/748/748 748/748/748 749/749/749 
f 748/748/748 749/749/749 749/749/749 
f 749/749/749 749/749/749 750/750/750 
f 749/749/749 751/751/751 750/750/750 
f 750/750/750 751/751/751 750/750/750 
f 751/751/751 752/752/752 750/750/750 
f 750/750/750 752/752/752 753/753/753 
f 752/752/752 753/753/753 753/753/753 
f 753/753/753 753/753/753 754/754/754 
f 753/753/753 754/754/754 754/754/754 
f 754/754/754 754/754/754 755/755/755 
f 754/754/754 756/756/756 755/755/755 
f 755/755/755 756/756/756 757/757/757 
f 756/756/756 757/757/757 757/757/757 
f 757/757/757 757/757/757 758/758/758 
f 757/757/757 758/758/758 758/758/758 
f 758/758/758 758/758/758 759/759/759 
f 758/758/758 760/760/760 759/759/759 
f 759/759/759 760/760/760 761/761/761 
f 760/760/760 761/761/761 761/761/761 
f 761/761/761 761/761/761 762/762/762 
f 761/761/761 762/762/762 762/762/762 
f 762/762/762 762/762/762 763/763/763 
f 762/762/762 764/764/764 763/763/763 
f 763/763/763 764/764/764 765/765/765 
f 764/764/764 765/765/765 765/765/765 
f 765/765/765 765/765/765 766/766/766 
f 765/765/765 766/766/766 766/766/766 
f 766/766/766 766/766/766 767/767/767 
f 766/766/766 768/768/768 767/767/767 
f 767/767/767 768/768/768 769/769/769 
f 768/768/768 769/769/769 769/769/769 
f 769/769/769 769/769/769 770/770/770 
f 769/769/769 770/770/770 770/770/770 
f 770/770/770 770/770/770 771/771/771 
f 770/770/770 772/772/772 771/771/771 
f 771/771/771 772/772/772 773/773/773 
f 772/772/772 773/773/773 773/773/773 
f 773/773/773 773/773/773 774/774/774 
f 773/773/773 774/774/774 774/774/774 
f 774/774/774 774/774/774 775/775/775 
f 774/774/774 776/776/776 775/775/775 
f 775/775/775 776/776/776 777/777/777 
f 776/776/776 777/777/777 777/777/777 
f 777/777/777 777/777/777 778/778/778 
f 777/777/777 778/778/778 778/778/778 
f 778/778/778 778/778/778 779/779/779 
f 778/778/778 780/780/780 779/779/779 
f 779/779/779 780/780/780 781/781/781 
f 780/780/780 781/781/781 781/781/781 
f 781/781/781 781/781/781 782/782/782 
f 781/781/781 782/782/782 782/782/782 
f 782/782/782 782/782/782 783/783/783 
f 782/782/782 784/784/784 783/783/783 
f 783/783/783 784/784/784 785/785/785 
f 784/784/784 785/785/785 785/785/785 
f 785/785/785 785/785/785 786/786/786 
f 785/785/785 786/786/786 786/786/786 
f 786/786/786 786/786/786 787/787/787 
f 786/786/786 788/788/788 787/787/787 
f 787/787/787 788/788/788 789/789/789 
f 788/788/788 789/789/789 789/789/789 
f 789/789/789 789/789/789 790/790/790 
f 789/789/789 790/790/790 790/790/790 
f 790/790/790 790/790/790 791/791/791 
f 790/790/790 792/792/792 791/791/791 
f 791/791/791 792/792/792 793/793/793 
f 792/792/792 793/793/793 793/793/793 
f 793/793/793 793/793/793 794/794/794 
f 793/793/793 794/794/794 794/794/794 
f 794/794/794 794/794/794 795/795/795 
f 794/794/794 796/796/796 795/795/795 
f 795/795/795 796/796/796 797/797/797 
f 796/796/796 797/797/797 797/797/797 
f 797/797/797 797/797/797 798/798/798 
f 797/797/797 798/798/798 798/798/798 
f 798/798/798 798/798/798 799/799/799 
f 798/798/798 800/800/800 799/799/799 
f 799/799/799 800/800/800 801/801/801 
f 800/800/800 801/801/801 801/801/801 
f 801/801/801 801/801/801 802/802/802 
f 801/801/801 802/802/802 802/802/802 
f 802/802/802 802/802/802 803/803/803 
f 802/802/802 804/804/804 803/803/803 
f 803/803/803 804/804/804 805/805/805 
f 804/804/804 805/805/805 805/805/805 
f 805/805/805 805/805/805 806/806/806 
f 805/805/805 806/806/806 806/806/806 
f 806/806/806 806/806/806 807/807/807 
f 806/806/806 808/808/808 807/807/807 
f 807/807/807 808/808/808 809/809/809 
f 808/808/808 809/809/809 809/809/809 
f 809/809/809 809/809/809 810/810/810 
f 809/809/809 810/810/810 810/810/810 
f 810/810/810 810/810/810 811/811/811 
f 810/810/810 812/812/812 811/811/811 
f 811/811/811 812/812/812 813/813/813 
f 812/812/812 813/813/813 813/813/813 
f 813/813/813 813/813/813 814/814/814 
f 813/813/813 814/814/814 814/814/814 
f 814/814/814 814/814/814 815/815/815 
f 814/814/814 816/816/816 815/815/815 
f 815/815/815 816/816/816 817/817/817 
f 816/816/816 817/817/817 817/817/817 
f 817/817/817 817/817/817 818/818/818 
f 817/817/817 818/818/818 818/818/818 
f 818/818/818 818/818/818 819/819/819 
f 818/818/818 820/820/820 819/819/819 
f 819/819/819 820/820/820 821/821/821 
f 820/820/820 821/821/821 821/821/821 
f 821/821/821 821/821/821 822/822/822 
f 821/821/821 822/822/822 822/822/822 
f 822/822/822 822/822/822 823/823/823 
f 822/822/822 824/824/824 823/823/823 
f 823/823/823 824/824/824 825/825/825 
f 824/824/824 825/825/825 825/825/825 
f 825/825/825 825/825/825 826/826/826 
f 825/825/825 826/826/826 826/826/826 
f 826/826/826 826/826/826 827/827/827 
f 826/826/826 828/828/828 827/827/827 
f 827/827/827 828/828/828 829/829/829 
f 828/828/828 829/829/829 829/829/829 
f 829/829/829 829/829/829 830/830/830 
f 829/829/829 830/830/830 830/830/830 
f 830/830/830 830/830/830 831/831/831 
f 830/830/830 832/832/832 831/831/831 
f 831/831/831 832/832/832 833/833/833 
f 832/832/832 833/833/833 833/833/833 
f 833/833/833 833/833/833 834/834/834 
f 833/833/833 834/834/834 834/834/834 
f 834/834/834 834/834/834 835/835/835 
f 834/834/834 836/836/836 835/835/835 
f 835/835/835 836/836/836 837/837/837 
f 836/836/836 837/837/837 837/837/837 
f 837/837/837 837/837/837 838/838/838 
f 837/837/837 838/838/838 838/838/838 
f 838/838/838 838/838/838 839/839/839 
f 838/838/838 840/840/840 839/839/839 
f 839/839/839 840/840/840 841/841/841 
f 840/840/840 841/841/841 841/841/841 
f 841/841/841 841/841/841 842/842/842 
f 841/841/841 842/842/842 842/842/842 
f 842/842/842 842/842/842 843/843/843 
f 842/842/842 844/844/844 843/843/843 
f 843/843/843 844/844/844 845/845/845 
f 844/844/844 845/845/845 845/845/845 
f 845/845/845 845/845/845 846/846/846 
f 845/845/845 846/846/846 846/846/846 
f 846/846/846 846/846/846 847/847/847 
f 846/846/846 848/848/848 847/847/847 
f 847/847/847 848/848/848 847/847/847 
f 848/848/848 849/849/849 847/847/847 
f 847/847/847 849/849/849 850/850/850 
f 849/849/849 850/850/850 850/850/850 
f 850/850/850 850/850/850 851/851/851 
f 850/850/850 851/851/851 851/851/851 
f 851/851/851 851/851/851 852/852/852 
f 851/851/851 853/853/853 852/852/852 
f 852/852/852 853/853/853 854/854/854 
f 853/853/853 854/854/854 854/854/854 
f 854/854/854 854/854/854 855/855/855 
f 854/854/854 855/855/855 855/855/855 
f 855/855/855 855/855/855 856/856/856 
f 855/855/855 857/857/857 856/856/856 
f 856/856/856 857/857/857 858/858/858 
f 857/857/857 858/858/858 858/858/858 
f 858/858/858 858/858/858 859/859/859 
f 858/858/858 859/859/859 859/859/859 
f 859/859/859 859/859/859 860/860/860 
f 859/859/859 861/861/861 860/860/860 
f 860/860/860 861/861/861 862/862/862 
f 861/861/861 862/862/862 862/862/862 
f 862/862/862 862/862/862 863/863/863 
f 862/862/862 863/863/863 863/863/863 
f 863/863/863 863/863/863 864/864/864 
f 863/863/863 865/865/865 864/864/864 
f 864/864/864 865/865/865 866/866/866 
f 865/865/865 866/866/866 866/866/866 
f 866/866/866 866/866/866 867/867/867 
f 866/866/866 867/867/867 867/867/867 
f 867/867/867 867/867/867 868/868/868 
f 867/867/867 869/869/869 868/868/868 
f 868/868/868 869/869/869 870/870/870 
f 869/869/869 870/870/870 870/870/870 
f 870/870/870 870/870/870 871/871/871 
f 870/870/870 871/871/871 871/871/871 
f 871/871/871 871/871/871 872/872/872 
f 871/871/871 873/873/873 872/872/872 
f 872/872/872 873/873/873 874/874/874 
f 873/873/873 874/874/874 874/874/874 
f 874/874/874 874/874/874 875/875/875 
f 874/874/874 875/875/875 875/875/875 
f 875/875/875 875/875/875 876/876/876 
f 875/875/875 877/877/877 876/876/876 
f 876/876/876 877/877/877 878/878/878 
f 877/877/877 878/878/878 878/878/878 
f 878/878/878 878/878/878 879/879/879 
f 878/878/878 879/879/879 879/879/879 
f 879/879/879 879/879/879 880/880/880 
f 879/879/879 881/881/881 880/880/880 
f 880/880/880 881/881/881 882/882/882 
f 881/881/881 882/882/882 882/882/882 
f 882/882/882 882/882/882 883/883/883 
f 882/882/882 883/883/883 883/883/883 
f 883/883/883 883/883/883 884/884/884 
f 883/883/883 885/885/885 884/884/884 
f 884/884/884 885/885/885 886/886/886 
f 885/885/885 886/886/886 886/886/886 
f 886/886/886 886/886/886 887/887/887 
f 886/886/886 887/887/887 887/887/887 
f 887/887/887 887/887/887 888/888/888 
f 887/887/887 889/889/889 888/888/888 
f 888/888/888 889/889/889 890/890/890 
f 889/889/889 890/890/890 890/890/890 
f 890/890/890 890/890/890 891/891/891 
f 890/890/890 891/891/891 891/891/891 
f 891/891/891 891/891/891 892/892/892 
f 891/891/891 893/893/893 892/892/892 
f 892/892/892 893/893/893 894/894/894 
f 893/893/893 894/894/894 894/894/894 
f 894/894/894 894/894/894 895/895/895 
f 894/894/894 895/895/895 895/895/895 
f 895/895/895 895/895/895 896/896/896 
f 895/895/895 897/897/897 896/896/896 
f 896/896/896 897/897/897 898/898/898 
f 897/897/897 898/898/898 898/898/898 
f 898/898/898 898/898/898 899/899/899 
f 898/898/898 899/899/899 899/899/899 
f 899/899/899 899/899/899 900/900/900 
f 899/899/899 901/901/901 900/900/900 
f 900/900/900 901/901/901 902/902/902 
f 901/901/901 902/902/902 902/902/902 
f 902/902/902 902/902/902 903/903/903 
f 902/902/902 903/903/903 903/903/903 
f 903/903/903 903/903/903 904/904/904 
f 903/903/903 905/905/905 904/904/904 
f 904/904/904 905/905/905 906/906/906 
f 905/905/905 906/906/906 906/906/906 
f 906/906/906 906/906/906 907/907/907 
f 906/906/906 907/907/907 907/907/907 
f 907/907/907 907/907/907 908/908/908 
f 907/907/907 909/909/909 908/908/908 
f 908/908/908 909/909/909 910/910/910 
f 909/909/909 910/910/910 910/910/910 
f 910/910/910 910/910/910 911/911/911 
f 910/910/910 911/911/911 911/911/911 
f 911/911/911 911/911/911 912/912/912 
f 911/911/911 913/913/913 912/912/912 
f 912/912/912 913/913/913 914/914/914 
f 913/913/913 914/914/914 914/914/914 
f 914/914/914 914/914/914 915/915/915 
f 914/914/914 915/915/915 915/915/915 
f 915/915/915 915/915/915 916/916/916 
f 915/915/915 917/917/917 916/916/916 
f 916/916/916 917/917/917 918/918/918 
f 917/917/917 918/918/918 918/918/918 
f 918/918/918 918/918/918 919/919/919 
f 918/918/918 919/919/919 919/919/919 
f 919/919/919 919/919/919 920/920/920 
f 919/919/919 921/921/921 920/920/920 
f 920/920/920 921/921/921 920/920/920 
f 921/921/921 922/922/922 920/920/920 
f 920/920/920 922/922/922 923/923/923 
f 922/922/922 923/923/923 923/923/923 
f 923/923/923 923/923/923 924/924/924 
f 923/923/923 924/924/924 924/924/924 
f 924/924/924 924/924/924 925/925/925 
f 924/924/924 926/926/926 925/925/925 
f 925/925/925 926/926/926 927/927/927 
f 926/926/926 927/927/927 927/927/927 
f 927/927/927 927/927/927 928/928/928 
f 927/927/927 928/928/928 928/928/928 
f 928/928/928 928/928/928 929/929/929 
f 928/928/928 930/930/930 929/929/929 
f 929/929/929 930/930/930 931/931/931 
f 930/930/930 931/931/931 931/931/931 
f 931/931/931 931/931/931 932/932/932 
f 931/931/931 932/932/932 932/932/932 
f 932/932/932 932/932/932 933/933/933 
f 932/932/932 934/934/934 933/933/933 
f 933/933/933 934/934/934 935/935/935 
f 934/934/934 935/935/935 935/935/935 
f 935/935/935 935/935/935 936/936/936 
f 935/935/935 936/936/936 936/936/936 
f 936/936/936 936/936/936 937/937/937 
f 936/936/936 938/938/938 937/937/937 
f 937/937/937 938/938/938 939/939/939 
f 938/938/938 939/939/939 939/939/939 
f 939/939/939 939/939/939 940/940/940 
f 939/939/939 940/940/940 940/940/940 
f 940/940/940 940/940/940 941/941/941 
f 940/940/940 942/942/942 941/941/941 
f 941/941/941 942/942/942 943/943/943 
f 942/942/942 943/943/943 943/943/943 
f 943/943/943 943/943/943 944/944/944 
f 943/943/943 944/944/944 944/944/944 
f 944/944/944 944/944/944 945/945/945 
f 944/944/944 946/946/946 945/945/945 
f 945/945/945 946/946/946 947/947/947 
f 946/946/946 947/947/947 947/947/947 
f 947/947/947 947/947/947 948/948/948 
f 947/947/947 948/948/948 948/948/948 
f 948/948/948 948/948/948 949/949/949 
f 948/948/948 950/950/950 949/949/949 
f 949/949/949 950/950/950 951/951/951 
f 950/950/950 951/951/951 951/951/951 
f 951/951/951 951/951/951 952/952/952 
f 951/951/951 952/952/952 952/952/952 
f 952/952/952 952/952/952 953/953/953 
f 952/952/952 954/954/954 953/953/953 
f 953/953/953 954/954/954 955/955/955 
f 954/954/954 955/955/955 955/955/955 
f 955/955/955 955/955/955 956/956/956 
f 955/955/955 956/956/956 956/956/956 
f 956/956/956 956/956/956 957/957/957 
f 956/956/956 958/958/958 957/957/957 
f 957/957/957 958/958/958 957/957/957 
f 958/958/958 959/959/959 957/957/957 
f 957/957/957 959/959/959 960/960/960 
f 959/959/959 960/960/960 960/960/960 
f 960/960/960 960/960/960 961/961/961 
f 960/960/960 961/961/961 961/961/961 
f 961/961/961 961/961/961 962/962/962 
f 961/961/961 963/963/963 962/962/962 
f 962/962/962 963/963/963 964/964/964 
f 963/963/963 964/964/964 964/964/964 
f 964/964/964 964/964/964 965/965/965 
f 964/964/964 965/965/965 965/965/965 
f 965/965/965 965/965/965 966/966/966 
f 965/965/965 967/967/967 966/966/966 
f 966/966/966 967/967/967 968/968/968 
f 967/967/967 968/968/968 968/968/968 
f 968/968/968 968/968/968 969/969/969 
f 968/968/968 969/969/969 969/969/969 
f 969/969/969 969/969/969 970/970/970 
f 969/969/969 971/971/971 970/970/970 
f 970/970/970 971/971/971 972/972/972 
f 971/971/971 972/972/972 972/972/972 
f 972/972/972 972/972/972 973/973/973 
f 972/972/972 973/973/973 973/973/973 
f 973/973/973 973/973/973 974/974/974 
f 973/973/973 975/975/975 974/974/974 
f 974/974/974 975/975/975 976/976/976 
f 975/975/975 976/976/976 976/976/976 
f 976/976/976 976/976/976 977/977/977 
f 976/976/976 977/977/977 977/977/977 
f 977/977/977 977/977/977 978/978/978 
f 977/977/977 979/979/979 978/978/978 
f 978/978/978 979/979/979 980/980/980 
f 979/979/979 980/980/980 980/980/980 
f 980/980/980 980/980/980 981/981/981 
f 980/980/980 981/981/981 981/981/981 
f 981/981/981 981/981/981 982/982/982 
f 981/981/981 983/983/983 982/982/982 
f 982/982/982 983/983/983 984/984/984 
f 983/983/983 984/984/984 984/984/984 
f 984/984/984 984/984/984 985/985/985 
f 984/984/984 985/985/985 985/985/985 
f 985/985/985 985/985/985 986/986/986 
f 985/985/985 987/987/987 986/986/986 
f 986/986/986 987/987/987 988/988/988 
f 987/987/987 988/988/988 988/988/988 
f 988/988/988 988/988/988 989/989/989 
f 988/988/988 989/989/989 989/989/989 
f 989/989/989 989/989/989 990/990/990 
f 989/989/989 991/991/991 990/990/990 
f 990/990/990 991/991/991 992/992/992 
f 991/991/991 992/992/992 992/992/992 
f 992/992/992 992/992/992 993/993/993 
f 992/992/992 993/993/993 993/993/993 
f 993/993/993 993/993/993 994/994/994 
f 993/993/993 995/995/995 994/994/994 
f 994/994/994 995/995/995 996/996/996 
f 995/995/995 996/996/996 996/996/996 
f 996/996/996 996/996/996 997/997/997 
f 996/996/996 997/997/997 997/997/997 
f 997/997/997 997/997/997 998/998/998 
f 997/997/997 999/999/999 998/998/998 
f 998/998/998 999/999/999 1000/1000/1000 
f 999/999/999 1000/1000/1000 1000/1000/1000 
f 1000/1000/1000 1000/1000/1000 1001/1001/1001 
f 1000/1000/1000 1001/1001/1001 1001/1001/1001 
f 1001/1001/1001 1001/1001/1001 1002/1002/1002 
f 1001/1001/1001 1003/1003/1003 1002/1002/1002 
f 1002/1002/1002 1003/1003/1003 1004/1004/1004 
f 1003/1003/1003 1004/1004/1004 1004/1004/1004 
f 1004/1004/1004 1004/1004/1004 1005/1005/1005 
f 1004/1004/1004 1005/1005/1005 1005/1005/1005 
f 1005/1005/1005 1005/1005/1005 1006/1006/1006 
f 1005/1005/1005 1007/1007/1007 1006/1006/1006 
f 1006/1006/1006 1007/1007/1007 1008/1008/1008 
f 1007/1007/1007 1008/1008/1008 1008/1008/1008 
f 1008/1008/1008 1008/1008/1008 1009/1009/1009 
f 1008/1008/1008 1009/1009/1009 1009/1009/1009 
f 1009/1009/1009 1009/1009/1009 1010/1010/1010 
f 1009/1009/1009 1011/1011/1011 1010/1010/1010 
f 1010/1010/1010 1011/1011/1011 1012/1012/1012 
f 1011/1011/1011 1012/1012/1012 1012/1012/1012 
f 1012/1012/1012 1012/1012/1012 1013/1013/1013 
f 1012/1012/1012 1013/1013/1013 1013/1013/1013 
f 1013/1013/1013 1013/1013/1013 1014/1014/1014 
f 1013/1013/1013 1015/1015/1015 1014/1014/1014 
f 1014/1014/1014 1015/1015/1015 1016/1016/1016 
f 1015/1015/1015 1016/1016/1016 1016/1016/1016 
f 1016/1016/1016 1016/1016/1016 1017/1017/1017 
f 1016/1016/1016 1017/1017/1017 1017/1017/1017 
f 1017/1017/1017 1017/1017/1017 1018/1018/1018 
f 1017/1017/1017 1019/1019/1019 1018/1018/1018 
f 1018/1018/1018 1019/1019/1019 1020/1020/1020 
f 1019/1019/1019 1020/1020/1020 1020/1020/1020 
f 1020/1020/1020 1020/1020/1020 1021/1021/1021 
f 1020/1020/1020 1021/1021/1021 1021/1021/1021 
f 1021/1021/1021 1021/1021/1021 1022/1022/1022 
f 1021/1021/1021 1023/1023/1023 1022/1022/1022 
f 1022/1022/1022 1023/1023/1023 1024/1024/1024 
f 1023/1023/1023 1024/1024/1024 1024/1024/1024 
f 1024/1024/1024 1024/1024/1024 1025/1025/1025 
f 1024/1024/1024 1025/1025/1025 1025/1025/1025 
f 1025/1025/1025 1025/1025/1025 1026/1026/1026 
f 1025/1025/1025 1027/1027/1027 1026/1026/1026 
f 1026/1026/1026 1027/1027/1027 1028/1028/1028 
f 1027/1027/1027 1028/1028/1028 1028/1028/1028 
f 1028/1028/1028 1028/1028/1028 1029/1029/1029 
f 1028/1028/1028 1029/1029/1029 1029/1029/1029 
f 1029/1029/1029 1029/1029/1029 1030/1030/1030 
f 1029/1029/1029 1031/1031/1031 1030/1030/1030 
f 1030/1030/1030 1031/1031/1031 1030/1030/1030 
f 1031/1031/1031 1032/1032/1032 1030/1030/1030 
f 1030/1030/1030 1032/1032/1032 1033/1033/1033 
f 1032/1032/1032 1033/1033/1033 1033/1033/1033 
f 1033/1033/1033 1033/1033/1033 1034/1034/1034 
f 1033/1033/1033 1034/1034/1034 1034/1034/1034 
f 1034/1034/1034 1034/1034/1034 1035/1035/1035 
f 1034/1034/1034 1036/1036/1036 1035/1035/1035 
f 1035/1035/1035 1036/1036/1036 1037/1037/1037 
f 1036/1036/1036 1037/1037/1037 1037/1037/1037 
f 1037/1037/1037 1037/1037/1037 1038/1038/1038 
f 1037/1037/1037 1038/1038/1038 1038/1038/1038 
f 1038/1038/1038 1038/1038/1038 1039/1039/1039 
f 1038/1038/1038 1040/1040/1040 1039/1039/1039 
f 1039/1039/1039 1040/1040/1040 1041/1041/1041 
f 1040/1040/1040 1041/1041/1041 1041/1041/1041 
f 1041/1041/1041 1041/1041/1041 1042/1042/1042 
f 1041/1041/1041 1042/1042/1042 1042/1042/1042 
f 1042/1042/1042 1042/1042/1042 1043/1043/1043 
f 1042/1042/1042 1044/1044/1044 1043/1043/1043 
f 1043/1043/1043 1044/1044/1044 1045/1045/1045 
f 1044/1044/1044 1045/1045/1045 1045/1045/1045 
f 1045/1045/1045 1045/1045/1045 1046/1046/1046 
f 1045/1045/1045 1046/1046/1046 1046/1046/1046 
f 1046/1046/1046 1046/1046/1046 1047/1047/1047 
f 1046/1046/1046 1048/1048/1048 1047/1047/1047 
f 1047/1047/1047 1048/1048/1048 1049/1049/1049 
f 1048/1048/1048 1049/1049/1049 1049/1049/1049 
f 1049/1049/1049 1049/1049/1049 1050/1050/1050 
f 1049/1049/1049 1050/1050/1050 1050/1050/1050 
f 1050/1050/1050 1050/1050/1050 1051/1051/1051 
f 1050/1050/1050 1052/1052/1052 1051/1051/1051 
f 1051/1051/1051 1052/1052/1052 1053/1053/1053 
f 1052/1052/1052 1053/1053/1053 1053/1053/1053 
f 1053/1053/1053 1053/1053/1053 1054/1054/1054 
f 1053/1053/1053 1054/1054/1054 1054/1054/1054 
f 1054/1054/1054 1054/1054/1054 1055/1055/1055 
f 1054/1054/1054 1056/1056/1056 1055/1055/1055 
f 1055/1055/1055 1056/1056/1056 1057/1057/1057 
f 1056/1056/1056 1057/1057/1057 1057/1057/1057 
f 1057/1057/1057 1057/1057/1057 1058/1058/1058 
f 1057/1057/1057 1058/1058/1058 1058/1058/1058 
f 1058/1058/1058 1058/1058/1058 1059/1059/1059 
f 1058/1058/1058 1060/1060/1060 1059/1059/1059 
f 1059/1059/1059 1060/1060/1060 1061/1061/1061 
f 1060/1060/1060 1061/1061/1061 1061/1061/1061 
f 1061/1061/1061 1061/1061/1061 1062/1062/1062 
f 1061/1061/1061 1062/1062/1062 1062/1062/1062 
f 1062/1062/1062 1062/1062/1062 1063/1063/1063 
f 1062/1062/1062 1064/1064/1064 1063/1063/1063 
f 1063/1063/1063 1064/1064/1064 1065/1065/1065 
f 1064/1064/1064 1065/1065/1065 1065/1065/1065 
f 1065/1065/1065 1065/1065/1065 1066/1066/1066 
f 1065/1065/1065 1066/1066/1066 1066/1066/1066 
f 1066/1066/1066 1066/1066/1066 1067/1067/1067 
f 1066/1066/1066 1068/1068/1068 1067/1067/1067 
f 1067/1067/1067 1068/1068/1068 1069/1069/1069 
f 1068/1068/1068 1069/1069/1069 1069/1069/1069 
f 1069/1069/1069 1069/1069/1069 1070/1070/1070 
f 1069/1069/1069 1070/1070/1070 1070/1070/1070 
f 1070/1070/1070 1070/1070/1070 1071/1071/1071 
f 1070/1070/1070 1072/1072/1072 1071/1071/1071 
f 1071/1071/1071 1072/1072/1072 1073/1073/1073 
f 1072/1072/1072 1073/1073/1073 1073/1073/1073 
f 1073/1073/1073 1073/1073/1073 1074/1074/1074 
f 1073/1073/1073 1074/1074/1074 1074/1074/1074 
f 1074/1074/1074 1074/1074/1074 1075/1075/1075 
f 1074/1074/1074 1076/1076/1076 1075/1075/1075 
f 1075/1075/1075 1076/1076/1076 1077/1077/1077 
f 1076/1076/1076 1077/1077/1077 1077/1077/1077 
f 1077/1077/1077 1077/1077/1077 1078/1078/1078 
f 1077/1077/1077 1078/1078/1078 1078/1078/1078 
f 1078/1078/1078 1078/1078/1078 1079/1079/1079 
f 1078/1078/1078 1080/1080/1080 1079/1079/1079 
f 1079/1079/1079 1080/1080/1080 1079/1079/1079 
f 1080/1080/1080 1081/1081/1081 1079/1079/1079 
f 1079/1079/1079 1081/1081/1081 1082/1082/1082 
f 1081/1081/1081 1082/1082/1082 1082/1082/1082 
f 1082/1082/1082 1082/1082/1082 1083/1083/1083 
f 1082/1082/1082 1083/1083/1083 1083/1083/1083 
f 1083/1083/1083 1083/1083/1083 1084/1084/1084 
f 1083/1083/1083 1085/1085/1085 1084/1084/1084 
f 1084/1084/1084 1085/1085/1085 1086/1086/1086 
f 1085/1085/1085 1086/1086/1086 1086/1086/1086 
f 1086/1086/1086 1086/1086/1086 1087/1087/1087 
f 1086/1086/1086 1087/1087/1087 1087/1087/1087 
f 1087/1087/1087 1087/1087/1087 1088/1088/1088 
f 1087/1087/1087 1089/1089/1089 1088/1088/1088 
f 1088/1088/1088 1089/1089/1089 1090/1090/1090 
f 1089/1089/1089 1090/1090/1090 1090/1090/1090 
f 1090/1090/1090 1090/1090/1090 1091/1091/1091 
f 1090/1090/1090 1091/1091/1091 1091/1091/1091 
f 1091/1091/1091 1091/1091/1091 1092/1092/1092 
f 1091/1091/1091 1093/1093/1093 1092/1092/1092 
f 1092/1092/1092 1093/1093/1093 1094/1094/1094 
f 1093/1093/1093 1094/1094/1094 1094/1094/1094 
f 1094/1094/1094 1094/1094/1094 1095/1095/1095 
f 1094/1094/1094 1095/1095/1095 1095/1095/1095 
f 1095/1095/1095 1095/1095/1095 1096/1096/1096 
f 1095/1095/1095 1097/1097/1097 1096/1096/1096 
f 1096/1096/1096 1097/1097/1097 1098/1098/1098 
f 1097/1097/1097 1098/1098/1098 1098/1098/1098 
f 1098/1098/1098 1098/1098/1098 1099/1099/1099 
f 1098/1098/1098 1099/1099/1099 1099/1099/1099 
f 1099/1099/1099 1099/1099/1099 1100/1100/1100 
f 1099/1099/1099 1101/1101/1101 1100/1100/1100 
f 1100/1100/1100 1101/1101/1101 1102/1102/1102 
f 1101/1101/1101 1102/1102/1102 1102/1102/1102 
f 1102/1102/1102 1102/1102/1102 1103/1103/1103 
f 1102/1102/1102 1103/1103/1103 1103/1103/1103 
f 1103/1103/1103 1103/1103/1103 1104/1104/1104 
f 1103/1103/1103 1105/1105/1105 1104/1104/1104 
f 1104/1104/1104 1105/1105/1105 1106/1106/1106 
f 1105/1105/1105 1106/1106/1106 1106/1106/1106 
f 1106/1106/1106 1106/1106/1106 1107/1107/1107 
f 1106/1106/1106 1107/1107/1107 1107/1107/1107 
f 1107/1107/1107 1107/1107/1107 1108/1108/1108 
f 1107/1107/1107 1109/1109/1109 1108/1108/1108 
f 1108/1108/1108 1109/1109/1109 1110/1110/1110 
f 1109/1109/1109 1110/1110/1110 1110/1110/1110 
f 1110/1110/1110 1110/1110/1110 1111/1111/1111 
f 1110/1110/1110 1111/1111/1111 1111/1111/1111 
f 1111/1111/1111 1111/1111/1111 1112/1112/1112 
f 1111/1111/1111 1113/1113/1113 1112/1112/1112 
f 1112/1112/1112 1113/1113/1113 1114/1114/1114 
f 1113/1113/1113 1114/1114/1114 1114/1114/1114 
f 1114/1114/1114 1114/1114/1114 1115/1115/1115 
f 1114/1114/1114 1115/1115/1115 1115/1115/1115 
f 1115/1115/1115 1115/1115/1115 1116/1116/1116 
f 1115/1115/1115 1117/1117/1117 1116/1116/1116 
f 1116/1116/1116 1117/1117/1117 1116/1116/1116 
f 1117/1117/1117 1118/1118/1118 1116/1116/1116 
f 1116/1116/1116 1118/1118/1118 1119/1119/1119 
f 1118/1118/1118 1119/1119/1119 1119/1119/1119 
f 1119/1119/1119 1119/1119/1119 1120/1120/1120 
f 1119/1119/1119 1120/1120/1120 1120/1120/1120 
f 1120/1120/1120 1120/1120/1120 1121/1121/1121 
f 1120/1120/1120 1122/1122/1122 1121/1121/1121 
f 1121/1121/1121 1122/1122/1122 1123/1123/1123 
f 1122/1122/1122 1123/1123/1123 1123/1123/1123 
f 1123/1123/1123 1123/1123/1123 1124/1124/1124 
f 1123/1123/1123 1124/1124/1124 1124/1124/1124 
f 1124/1124/1124 1124/1124/1124 1125/1125/1125 
f 1124/1124/1124 1126/1126/1126 1125/1125/1125 
f 1125/1125/1125 1126/1126/1126 1127/1127/1127 
f 1126/1126/1126 1127/1127/1127 1127/1127/1127 
f 1127/1127/1127 1127/1127/1127 1128/1128/1128 
f 1127/1127/1127 1128/1128/1128 1128/1128/1128 
f 1128/1128/1128 1128/1128/1128 1129/1129/1129 
f 1128/1128/1128 1130/1130/1130 1129/1129/1129 
f 1129/1129/1129 1130/1130/1130 1131/1131/1131 
f 1130/1130/1130 1131/1131/1131 1131/1131/1131 
f 1131/1131/1131 1131/1131/1131 1132/1132/1132 
f 1131/1131/1131 1132/1132/1132 1132/1132/1132 
f 1132/1132/1132 1132/1132/1132 1133/1133/1133 
f 1132/1132/1132 1134/1134/1134 1133/1133/1133 
f 1133/1133/1133 1134/1134/1134 1135/1135/1135 
f 1134/1134/1134 1135/1135/1135 1135/1135/1135 
f 1135/1135/1135 1135/1135/1135 1136/1136/1136 
f 1135/1135/1135 1136/1136/1136 1136/1136/1136 
f 1136/1136/1136 1136/1136/1136 1137/1137/1137 
f 1136/1136/1136 1138/1138/1138 1137/1137/1137 
f 1137/1137/1137 1138/1138/1138 1139/1139/1139 
f 1138/1138/1138 1139/1139/1139 1139/1139/1139 
f 1139/1139/1139 1139/1139/1139 1140/1140/1140 
f 1139/1139/1139 1140/1140/1140 1140/1140/1140 
f 1140/1140/1140 1140/1140/1140 1141/1141/1141 
f 1140/1140/1140 1142/1142/1142 1141/1141/1141 
f 1141/1141/1141 1142/1142/1142 1143/1143/1143 
f 1142/1142/1142 1143/1143/1143 1143/1143/1143 
f 1143/1143/1143 1143/1143/1143 1144/1144/1144 
f 1143/1143/1143 1144/1144/1144 1144/1144/1144 
f 1144/1144/1144 1144/1144/1144 1145/1145/1145 
f 1144/1144/1144 1146/1146/1146 1145/1145/1145 
f 1145/1145/1145 1146/1146/1146 1147/1147/1147 
f 1146/1146/1146 1147/1147/1147 1147/1147/1147 
f 1147/1147/1147 1147/1147/1147 1148/1148/1148 
f 1147/1147/1147 1148/1148/1148 1148/1148/1148 
f 1148/1148/1148 1148/1148/1148 1149/1149/1149 
f 1148/1148/1148 1150/1150/1150 1149/1149/1149 
f 1149/1149/1149 1150/1150/1150 1151/1151/1151 
f 1150/1150/1150 1151/1151/1151 1151/1151/1151 
f 1151/1151/1151 1151/1151/1151 1152/1152/1152 
f 1151/1151/1151 1152/1152/1152 1152/1152/1152 
f 1152/1152/1152 1152/1152/1152 1153/1153/1153 
f 1152/1152/1152 1154/1154/1154 1153/1153/1153 
f 1153/1153/1153 1154/1154/1154 1155/1155/1155 
f 1154/1154/1154 1155/1155/1155 1155/1155/1155 
f 1155/1155/1155 1155/1155/1155 1156/1156/1156 
f 1155/1155/1155 1156/1156/1156 1156/1156/1156 
f 1156/1156/1156 1156/1156/1156 1157/1157/1157 
f 1156/1156/1156 1158/1158/1158 1157/1157/1157 
f 1157/1157/1157 1158/1158/1158 1159/1159/1159 
f 1158/1158/1158 1159/1159/1159 1159/1159/1159 
f 1159/1159/1159 1159/1159/1159 1160/1160/1160 
f 1159/1159/1159 1160/1160/1160 1160/1160/1160 
f 1160/1160/1160 1160/1160/1160 1161/1161/1161 
f 1160/1160/1160 1162/1162/1162 1161/1161/1161 
f 1161/1161/1161 1162/1162/1162 1163/1163/1163 
f 1162/1162/1162 1163/1163/1163 1163/1163/1163 
f 1163/1163/1163 1163/1163/1163 1164/1164/1164 
f 1163/1163/1163 1164/1164/1164 1164/1164/1164 
f 1164/1164/1164 1164/1164/1164 1165/1165/1165 
f 1164/1164/1164 1166/1166/1166 1165/1165/1165 
f 1165/1165/1165 1166/1166/1166 1165/1165/1165 
f 1166/1166/1166 1167/1167/1167 1165/1165/1165 
f 1165/1165/1165 1167/1167/1167 1168/1168/1168 
f 1167/1167/1167 1168/1168/1168 1168/1168/1168 
f 1168/1168/1168 1168/1168/1168 1169/1169/1169 
f 1168/1168/1168 1169/1169/1169 1169/1169/1169 
f 1169/1169/1169 1169/1169/1169 1170/1170/1170 
f 1169/1169/1169 1171/1171/1171 1170/1170/1170 
f 1170/1170/1170 1171/1171/1171 1172/1172/1172 
f 1171/1171/1171 1172/1172/1172 1172/1172/1172 
f 1172/1172/1172 1172/1172/1172 1173/1173/1173 
f 1172/1172/1172 1173/1173/1173 1173/1173/1173 
f 1173/1173/1173 1173/1173/1173 1174/1174/1174 
f 1173/1173/1173 1175/1175/1175 1174/1174/1174 
f 1174/1174/1174 1175/1175/1175 1176/1176/1176 
f 1175/1175/1175 1176/1176/1176 1176/1176/1176 
f 1176/1176/1176 1176/1176/1176 1177/1177/1177 
f 1176/1176/1176 1177/1177/1177 1177/1177/1177 
f 1177/1177/1177 1177/1177/1177 1178/1178/1178 
f 1177/1177/1177 1179/1179/1179 1178/1178/1178 
f 1178/1178/1178 1179/1179/1179 1180/1180/1180 
f 1179/1179/1179 1180/1180/1180 1180/1180/1180 
f 1180/1180/1180 1180/1180/1180 1181/1181/1181 
f 1180/1180/1180 1181/1181/1181 1181/1181/1181 
f 1181/1181/1181 1181/1181/1181 1182/1182/1182 
f 1181/1181/1181 1183/1183/1183 1182/1182/1182 
f 1182/1182/1182 1183/1183/1183 1184/1184/1184 
f 1183/1183/1183 1184/1184/1184 1184/1184/1184 
f 1184/1184/1184 1184/1184/1184 1185/1185/1185 
f 1184/1184/1184 1185/1185/1185 1185/1185/1185 
f 1185/1185/1185 1185/1185/1185 1186/1186/1186 
f 1185/1185/1185 1187/1187/1187 1186/1186/1186 
f 1186/1186/1186 1187/1187/1187 1188/1188/1188 
f 1187/1187/1187 1188/1188/1188 1188/1188/1188 
f 1188/1188/1188 1188/1188/1188 1189/1189/1189 
f 1188/1188/1188 1189/1189/1189 1189/1189/1189 
f 1189/1189/1189 1189/1189/1189 1190/1190/1190 
f 1189/1189/1189 1191/1191/1191 1190/1190/1190 
f 1190/1190/1190 1191/1191/1191 1192/1192/1192 
f 1191/1191/1191 1192/1192/1192 1192/1192/1192 
f 1192/1192/1192 1192/1192/1192 1193/1193/1193 
f 1192/1192/1192 1193/1193/1193 1193/1193/1193 
f 1193/1193/1193 1193/1193/1193 1194/1194/1194 
f 1193/1193/1193 1195/1195/1195 1194/1194/1194 
f 1194/1194/1194 1195/1195/1195 1196/1196/1196 
f 1195/1195/1195 1196/1196/1196 1196/1196/1196 
f 1196/1196/1196 1196/1196/1196 1197/1197/1197 
f 1196/1196/1196 1197/1197/1197 1197/1197/1197 
f 1197/1197/1197 1197/1197/1197 1198/1198/1198 
f 1197/1197/1197 1199/1199/1199 1198/1198/1198 
f 1198/1198/1198 1199/1199/1199 1200/1200/1200 
f 1199/1199/1199 1200/1200/1200 1200/1200/1200 
f 1200/1200/1200 1200/1200/1200 1201/1201/1201 
f 1200/1200/1200 1201/1201/1201 1201/1201/1201 
f 1201/1201/1201 1201/1201/1201 1202/1202/1202 
f 1201/1201/1201 1203/1203/1203 1202/1202/1202 
f 1202/1202/1202 1203/1203/1203 1204/1204/1204 

